code,p_w_m2_ete_jour,p_w_m2_ete_nuit,p_w_m2_hiver_jour,p_w_m2_hiver_nuit,p_w_m2_intersaison_jour,p_w_m2_intersaison_nuit
101,106.2102466962804,52.75899473712024,87.33141413421103,59.615578071159646,74.74752202282879,49.87455243148976
103,77.10495408853126,51.52837882836859,80.0331815629205,41.119393184039204,63.97927558206453,41.1319397752452
104,129.24324492744253,66.44232040755409,101.85520799247612,67.97886745365453,87.35922928067826,55.83523161083572
105,86.98648894431619,31.85594898024888,65.34879954005997,25.514315040720298,55.335432049347084,27.70977315959046
107,141.59718817679882,63.52811192363783,102.18515069394384,64.73427422365286,76.91235492635904,49.5778806160539
108,70.44199422980898,32.568338779940035,54.569920459871334,30.668080857064233,50.56307591241338,28.568174537406286
109,94.3945791634956,33.68711226523896,43.62735712857412,22.54666131694879,44.83554690652969,25.565289436233876
111,128.60683179874897,73.34050867879478,83.36920723903701,50.76484939196821,84.27989516606083,55.721509545780386
116,92.31734812499474,48.872486367139295,89.74691732189605,49.871448335923475,71.8542611075108,48.614830552591215
117,76.84408198531631,42.82576483367979,64.72989261115096,36.05509925079209,56.354786241084604,35.958747121598435
118,83.56301459590303,40.832008666130385,78.29742011180846,53.3037752300395,66.08304654953707,37.63695990605932
119,59.10761331187011,26.8599869433939,43.772279280355086,22.60798219034234,39.58454912535434,19.712668391557315
124,34.82894877481551,41.259048717538,46.46867860020652,38.78271033120711,21.7242403847304,32.29802143515214
128,62.609202305552,30.834266206175467,58.98963963945846,31.964898790104296,46.21411732454757,25.789524170422904
130,137.77451299657156,70.82456195203697,102.18461278172819,66.86193957797778,93.18292792842126,67.56245729564785
133,78.18955323821083,45.56590831040001,53.347750465749826,37.061827785613886,55.055324242196185,40.32988853347649
136,50.8016294711334,43.10221999961218,66.32890691571976,58.6835573221301,37.13719259970805,34.88175065374371
138,126.45432082612773,69.64147802771811,100.72503698738109,55.66476451277836,91.33568672202745,52.80187730015378
139,54.45968439053484,23.939681621671195,47.320159003514505,21.563079966972307,45.50520111001295,21.826211983182333
140,105.7770102616957,37.9415552886478,82.72107155816117,38.894252611704694,71.08180008722071,29.67392374303513
141,69.68123251035006,27.048399596421373,58.20973952438023,30.588306938138974,53.81957595258817,30.765970814817933
146,12.68145757588362,38.461224734626185,50.52974486973627,27.161292113281768,43.527245721104485,31.501101110946752
150,125.3536534634581,58.64005887331528,90.86389111852371,51.79412762403603,81.30908845990277,51.81425250920816
152,100.51071381908409,48.2340584269101,80.55783323922356,46.94437236918968,72.94285168858605,46.31539444495914
153,62.61033634790044,26.052511958380414,52.65588792423563,24.02370102520377,45.643677998498866,23.14004587215648
155,79.93101149760585,37.08840280815285,58.90059014336828,27.928893690453005,55.80750031393802,29.056875012121207
158,96.97876807610942,45.876095851532114,89.6645584414843,55.941693346710665,90.16546587019324,64.33335363218774
161,77.33062546027985,39.6883336375096,72.95755504602485,43.26182172011105,71.34811758104566,48.44989475919857
162,104.99321502991752,35.92440596696288,101.67494121066585,41.8179321594917,78.37117726057278,41.17960074322109
163,128.13587929672622,52.93375868169909,123.53088988406631,45.777842628222636,110.04356535371116,47.940503899635104
165,108.70202045858595,68.65484153643067,119.85597011641843,105.7580736897003,93.44262932397743,69.53169259453912
166,94.39884716620027,52.452560148532875,61.921829644991945,38.926351825337015,57.42969646916973,39.054349382411644
170,79.19108636667016,28.998799094888934,71.88403579900282,30.58626459655956,56.29903990472604,24.40822008431749
174,120.93281093792194,67.52652114356981,110.49863645412822,73.4333455056732,100.37298384771738,68.05043704330585
177,84.26182642672956,52.725654504338586,101.21639779048682,64.4156046902143,76.4547454087966,52.548384387047314
181,133.27486128959546,78.89615664592473,95.5623820781975,57.21592294215193,89.81732893258811,68.80656357239859
182,104.76127833041015,51.55238235144954,90.83088195711571,52.81346115177651,76.2378122929116,49.273133083918644
188,60.445857134788895,27.02513592946104,58.724897688862654,25.433695556510216,48.566632665400554,23.68721777965574
189,78.72228307225818,47.215184465941704,59.27031050528692,36.6343497546377,58.61763671394705,38.82514321130976
190,72.12599756341993,29.47751744268453,57.93910591459966,28.445554531798138,54.06198222331192,32.29972472299918
201,110.4662019960886,48.44450311995686,95.51756109336833,39.36869122755246,87.02552807812347,40.7952317110597
208,79.98056827256586,46.03555961803298,68.58195786361023,40.06811068479923,61.81033548583601,42.045307939470966
209,93.40877997468439,48.85314695047162,79.29445103046177,44.82691183296941,72.70332467966081,48.898996153179716
212,11.465021799872329,42.21724742057121,46.10257793530398,31.402981542891084,11.745589938814014,35.64088839240334
215,84.36730014292706,34.75834275654301,73.54426555768468,38.716164554265575,69.90338156655166,34.866666653461
217,134.0118584666898,51.4534670953999,107.81023942116302,48.12008995065146,97.09850714083288,41.7659429827773
219,81.15890392303383,37.99977976716763,68.43902388092734,39.0539512895078,61.86636681272641,36.95090078679523
221,82.40131702398584,35.91590229005644,63.32468101704558,33.853005077903454,59.97612928616571,37.351562165276505
223,57.54344123648973,32.10690455282388,58.59920627213983,35.31747762401124,54.83261635355859,39.171674697324214
225,69.17396682274999,31.45892719464401,68.63138951840617,38.477947519847,60.75619390191556,33.89474684112792
228,44.50646390963574,23.98687869351861,47.64765449538738,33.16975176183225,36.84569033030004,27.253077024399143
229,94.90862261261616,43.68007029889065,83.89030936568382,35.41214368364971,77.37359064293896,36.176253154419996
230,112.45593348422038,61.923191902464936,74.15085008908353,44.47801390644233,68.75363857092331,46.63765401251996
232,73.97678915580903,45.23395552808072,52.39508614598721,34.29492297222338,51.772331750599164,35.490059036185166
233,44.93895558711112,38.938175301675585,69.84959511281888,33.84671303495185,50.84747783177964,37.828676297209434
235,75.54451254543024,36.76800458700242,67.3683196300458,33.057257728332075,62.49752845623727,34.5225671628491
236,66.87503302007528,33.61642387821972,55.629281629317624,35.839117715459885,51.33989592492677,33.14171875011907
237,79.54954437925262,28.806035606732113,65.93037108988506,31.462337926995165,56.16497392916084,30.275072566818437
239,83.32914549366477,39.86812626199207,48.577884297695206,24.96242452152867,46.397550008948514,23.520079631087796
241,112.26099955772938,47.02459725097946,108.16541675079317,49.24942149808805,90.32963430401254,44.92377027181259
242,12.312493547807948,41.5404262220029,77.14746771406544,36.26323667510406,65.41740681582877,31.337145071604088
246,111.14474226317122,52.059508900018834,68.0356333526162,41.33939519215519,72.33510152882839,41.17129153324999
250,69.89738806301308,24.7705899989644,62.192315530199274,26.762899577020473,57.679965998497025,22.99774354099009
252,67.36127355561827,37.65508397473985,53.1630696274575,33.455827419740196,47.684560053518396,30.584637355215367
253,38.782702155990464,33.82918110673267,56.42143172748493,34.8432134507242,29.832770314000115,34.38952821760773
258,85.29684740911001,47.737891703662854,68.9213040534194,42.28470290154573,67.99521255233503,46.621539344355675
261,64.19983603767551,36.81364467018073,49.507744092719896,32.16435375614804,49.15026868070537,35.33973236771511
262,61.365385336049,32.43951718442384,47.34526013477544,23.82107571941007,45.90616701234227,25.71266914533062
264,81.00610915540254,32.502434308739524,70.896554886266,37.3912220541016,63.3581449634804,29.26195225964901
265,82.90466597203373,40.04638560975969,93.06322711869775,47.014167192412806,76.21877295969996,35.9898673128638
268,165.86347029522327,81.97582679853308,125.63453570692083,64.91498423066712,117.37877858690001,63.5005831943113
271,108.59538388363805,60.65251424056227,76.09620543450539,45.95523216035163,79.30113104055089,46.51424397336081
273,59.85347123256907,43.82178102306365,48.38910798067884,26.725673475121233,48.91650879979675,40.64685768503956
274,99.08262423543039,40.9271627790824,69.0233426583052,32.526121604144684,66.45231526095657,32.152970943158984
281,98.63890568453735,64.74098555169664,78.7453850348281,51.140761696174835,75.90751441077973,56.54963736457915
282,129.23298693443408,60.87278752024592,102.18343836043891,58.464755482369654,87.79038309277097,47.08683318463947
284,118.42578799868059,40.27531048694178,81.04933535610168,31.856436964628333,63.72701507277618,29.877583012599114
287,141.8399929748573,58.18147594519196,102.15875858202872,40.69924822943533,96.34562392420267,44.005885727547934
288,42.14935777767714,22.572761589551178,39.242293868596605,22.29795949034795,32.99122059959789,24.807353862020943
289,86.46373210754048,44.162070088785725,69.12594784908065,37.29730450820755,71.03679351752942,40.41197343477653
295,86.63759155149447,54.932738509314476,74.70258046437081,43.82155656122039,59.24214474043839,42.06346501187073
301,74.34287336730958,47.59296045714445,79.5766431794856,42.07920050074689,60.74147927286172,43.180013670039
303,97.48711971523036,48.03178899927069,65.18661779971808,33.0175623392691,65.89217380877267,33.49424445126888
310,58.22124631761689,30.33287445574527,45.10440150547897,27.530617118586946,44.50052301740384,27.89308129633971
312,24.454984510927883,41.09725006468162,51.153387141626666,40.33716892621146,25.59201197413481,42.937679419766546
313,91.42710922621254,59.75756684928994,63.522727039897894,47.17083231678459,64.76602366316655,49.698009931425766
314,127.68766454658932,54.075866640971476,102.864975350748,50.815414862211426,93.76109445147571,49.74752369606448
316,94.048438909376,43.762789713690516,72.90207208133985,26.74129411121611,65.56563534338247,31.69945439662304
319,115.9717079119242,69.65799299591849,105.05145376214604,78.12376677487373,87.69076972362873,71.47416937360398
321,100.03687130212612,53.12324164746367,79.42389650072037,56.395327765388934,64.64536722140949,48.66401650028225
324,37.52720515108961,41.60011112551225,51.23092061191612,31.67956355937091,27.467922432577858,37.87273045097626
325,85.34216625190915,39.88808434464476,67.61496007489728,33.14792225539464,65.89491347338624,33.4389357958856
329,88.32747397782916,45.250301510770726,82.56093948227104,41.5335217817975,75.33345602911457,40.72852898794135
336,76.15918555630283,38.297793346876844,56.9598429896185,27.455451240043953,52.76899088797485,31.15022706721904
337,83.38131842641758,42.96359948646202,78.89566097284998,36.793425275301615,65.40691527105466,35.681601812012914
340,34.68411816482077,54.86025608761128,40.11126332571604,39.02299323716169,17.942267424757205,50.29450763834958
341,85.32918779448832,40.99815566255562,82.44611235347216,42.800915586155845,65.09482614568732,41.153942576192904
345,89.69998596652003,46.057816767066946,95.45732696012996,62.61475785079627,80.54612054096698,51.84898837173878
346,102.79577692015462,48.504191320353314,70.38135801915126,32.385509341656864,66.99165154700621,32.62459537079904
350,92.10570038937838,43.01028889084185,97.529262649726,42.568969892798165,72.3609030506874,36.55112381549732
351,58.52331093283332,27.627801967126885,44.172577261661914,22.075138305079527,41.51521967884153,21.103142811613225
352,105.479231490406,44.13317733359243,98.15604293632269,52.490728428188376,79.84084606321767,48.94511980954373
353,25.05879211718354,34.5274715759312,46.247325154748964,32.62684543936634,19.397602120337684,31.582481295492343
355,70.85088941674937,36.30772053067225,55.43389499524072,27.025653819811556,48.94513731124347,26.305288948534148
358,102.30065871497838,37.891250746803394,85.28461574068709,29.078245947231434,69.48854329082353,30.797634734688078
359,79.01625055460502,39.99697836701249,56.90482230560442,36.23228025355215,57.16269718065607,33.691944675562354
360,49.49466063157729,23.083057642786066,40.20930679669989,20.853455115113853,36.71877698034013,20.616804555157607
361,26.354010563593487,38.347487381696496,65.32570684841839,29.74957574508765,61.59287593701044,28.631367273131886
362,76.00292096314669,39.498618689384834,68.48884712761982,41.16481691172536,55.945407497127995,33.072165524914524
363,139.7210035840991,74.70197824847645,132.65700065417658,51.69594947886707,106.04732605108346,51.86384930561898
364,105.77980837025541,50.97520577802513,79.21960150606346,44.64440003376214,72.97446060960796,44.45284403024073
366,46.64698958852255,39.14858757518302,43.06594698124025,35.311379359358014,20.817037239779026,29.660308207366583
368,66.58639562684034,40.04356630066786,63.45878171768511,29.137468550865773,55.453555554044456,35.53849437994401
370,56.821807346642515,29.931518841739635,39.796906654269556,27.434962302441782,38.83187269448494,25.20056377003384
371,72.48976587605156,33.68365142352189,84.95287392519651,42.812503771136065,67.24069624007399,42.98940080569495
372,118.2004966006167,60.8003810485252,88.67771936832423,52.63262640450848,83.82157979110977,52.326125438084794
373,105.15904982230985,38.98818689376177,80.9854766954783,31.95174738926318,68.03709915503012,31.131210216597868
378,75.34612701382044,40.774735048498606,55.95313213717693,26.164564044389444,57.206533235461116,28.487964578030855
380,79.09756441090673,33.206714835920614,83.51780697159265,34.73266784510245,57.141671955658694,38.29332988619205
381,50.09016582027971,25.900452329102446,31.036153181984375,18.000913446555042,32.10822414258163,19.550001211988715
382,36.27047249061153,64.65767683969396,62.20605009618113,49.78840729674948,32.894706817453795,53.73249270009738
386,83.98435722113275,25.10713047193779,55.13509787027318,23.9965640167972,46.83943085550643,21.187350511184565
388,64.33092624071419,30.60168389929564,49.19620425301195,27.241056364553682,45.36831295120022,25.644329012501956
389,76.86352662130857,27.208438244497508,50.066399195411314,21.437831513663845,46.195743389309605,19.109275025121537
402,73.07324191404354,32.948215425060475,54.22353793863613,25.9873305733821,51.81730780001289,27.80020169798029
403,69.84929512016174,44.08243143835166,80.21428027115844,34.14323206948259,62.41157376492341,40.68111364704908
410,53.7636180457022,25.949262114525812,47.199042295075316,25.483421839829486,43.115492656293895,23.640465390598553
416,109.34890986780788,44.06310639453555,83.82866545177201,39.100916960252995,77.78169376598382,38.11616034696371
424,110.25831523929789,47.182430700285096,81.94721886950138,35.980206535200814,77.93188665265735,39.74033052620085
425,8.375696194149779,40.74672514587031,50.817493214573496,32.35376414699414,7.264907107714028,36.230631275155105
427,85.84317461942119,39.936189922249866,76.98856352712392,48.502062433144836,70.90675793779144,48.79098839710969
432,95.14685202428181,40.479662610581606,79.04721438973479,37.557819415434224,71.14439323059173,34.99556161978549
436,81.43667047276165,38.88573437318776,55.03959776757629,35.92038425563036,51.77674811972224,30.042549274278734
437,73.1984781865566,34.53525266232244,57.73956441801507,27.545438669384943,52.27829269815439,27.912770281967276
438,79.99527424499517,31.255950445811195,56.22905920820062,30.9193169908942,46.18231178717214,24.331593458167788
440,54.01929891398058,66.79287658913928,61.837050429397806,54.91918376206199,20.805360572388913,56.153773000275585
442,68.78173854066632,27.85203978052417,65.23986342501684,29.61479096116135,54.53429937135132,26.60398923026824
445,132.24888019807952,64.42260145774395,102.00942635704455,64.5077480941626,100.36944349733719,54.00514776933068
446,19.705212049487947,36.98802189448081,48.97524800800169,39.42205520080999,12.652035083227066,27.195169102120985
450,65.19902762572364,30.08827360475358,58.856008691106226,27.184371056421796,51.486788288560874,27.945883317871328
453,51.19968311680341,34.9437054179718,50.72849417384502,31.734795926243667,32.76829814418783,25.478080991531204
457,84.54869075474174,47.97997077598872,68.14900763539111,42.350037896457984,63.700248013627316,41.62111239907232
461,57.03198733850857,28.03322360985642,44.485284845224406,20.37751863621059,44.154041415891754,22.877916995885574
462,65.00256394558559,34.35169455394759,51.83049114203126,30.2584949569294,48.09021035746496,29.641814977998237
463,160.34258204655396,63.37336172398408,132.90929155980376,59.323271144449656,114.01889802781145,46.77176933246536
468,100.52919671169144,49.79450600610475,83.4594460039589,47.81371382635426,74.13533775428678,43.187967201626066
471,97.37243490137183,61.89585793541968,77.46088288171994,64.52742031086929,67.71341639236024,63.95718916136447
472,78.85511236577346,33.82582748441308,57.06357802706197,29.34431338585992,59.37006241378692,29.592154231262437
477,90.80711273080475,45.294781729158096,66.14349745075965,32.97654917547756,60.93677917911681,34.66998681742195
480,75.13667923574674,40.23011259533969,55.096637205515236,41.01706760871221,54.545600096698465,37.912644550078475
481,23.16976841176448,31.07752160734799,38.20570279590248,26.214621221429372,19.356186434481177,24.169074036033102
484,151.01240759796136,53.511697357608824,88.32604467678117,36.33469709950016,76.650932357113,36.555578152975414
487,62.92611951229415,26.407550507192433,49.215189752865854,19.63799627129961,48.61430502433087,20.82466361887348
488,87.23568769355425,46.00314793063679,67.15072185666473,35.94596005601894,61.32535298247126,33.57461382248568
489,60.59209365080483,32.878953234871105,59.66642615577645,34.59618915107391,48.8246171104456,31.672341223005645
502,59.64047317440044,30.454670644472763,50.63564219207637,25.66386935434622,48.466055942806555,26.154345496705705
503,19.177582659896434,58.637531498175804,64.57638022636733,52.66408159855449,21.391089871593124,51.27732049032956
512,14.028899295239308,49.43372604600306,53.193050013409454,44.627724875733556,16.323370195158745,40.933021690367724
514,111.5815425621524,61.6193404620234,93.89908199258547,47.1213262246443,89.05463858237323,56.36455931377654
516,73.9424645555851,29.801879588917064,61.292959650915705,30.0912498742593,55.806336949832406,27.350115721144128
517,31.331088426903637,31.63185301101607,45.29580543653738,30.022956730596928,17.483912840475604,25.560013558899193
518,98.20908922737385,48.32922492160729,87.02617093383849,45.95802978871864,75.99644178834414,45.213403553258914
521,79.25458733910422,37.02288214968714,59.05129723268643,29.80977042708685,56.81431409203676,30.647520657107577
524,72.95749089678651,37.029102647089495,47.046654039246405,30.189677073356762,49.071135469801945,38.455343167257496
526,113.19266087457925,51.53250943801427,92.3550962098237,55.21027641944055,77.4253713611902,50.86679307898679
528,63.63736214408463,36.843257484256455,91.27684030365975,58.7069824807013,59.74841671229458,53.922417304716035
530,149.4271345789517,76.80716377439575,88.19377882238918,56.0553707016548,82.89113850157736,50.07190934179462
533,90.54226571450984,42.20567827433133,78.35877099821475,46.97025505416698,67.45475538624268,41.889179683934714
534,13.71329381692672,37.51227422627512,40.03581673992455,44.73291361170886,8.595335088980594,35.37686078066998
537,125.45463173899982,65.76000982251426,98.62263603710713,70.37801728821526,88.1691693068361,62.273831354283956
540,133.3540573381367,61.48200222434343,92.81694333979476,55.46653949100386,68.3955575797617,37.301419280780046
542,85.68786016325403,42.80322891112216,63.79583550242489,38.792818550489365,63.81091845947744,38.52063774682955
545,109.61030963854888,45.200581572867215,102.0627090233948,35.26252296616042,82.604138669876,35.975245607010784
547,11.77393897637641,44.660644493239495,78.32724313621418,34.17141443337234,57.85646163510232,33.79357218294605
550,82.86703444713876,37.83797649293034,77.86233030861409,32.84646416886818,60.08911512505826,33.09590057502495
551,16.584397771793146,31.468301925436656,45.52899984263717,42.44805970021914,13.45659168584748,34.03313030099101
557,54.81952036402693,25.44963546620419,48.99236380031636,30.74097891811032,42.696935789275784,27.290223260617942
559,80.439294605488,36.8444690247281,73.41690079725194,33.09041472459627,68.56060837331212,33.58994647067209
560,107.06264154211496,46.615391486018986,84.08808780694058,50.8021411742592,75.14174194426477,38.80408983019623
562,62.152352263584405,30.702247504353956,54.64031947057942,29.74189249606715,46.588581130487285,27.624182450858843
564,83.65862877701424,40.91686787774244,66.91372179417088,33.51067270336293,57.081770303139415,31.189666042534473
565,142.12077758061258,73.44425519830148,162.72262893543729,96.73581622574694,106.90661684902372,75.90351442614075
571,115.03787609943984,45.78666876410223,98.23136308316343,44.50425505131333,87.74699345707907,50.496329478895376
572,43.03272349943059,35.334883475407615,62.871011925752356,35.853036879261126,25.240413891743195,32.86784735549844
576,91.13484105114264,38.85437786261309,78.46284743055068,34.40882236773574,71.59446807846491,32.42192443567993
577,86.09336781601844,43.43274486785556,81.09189384605271,51.72564493491852,78.27828392279835,53.71629887732361
580,83.95018420769654,47.05728672106305,85.65854006297148,43.20974936900503,67.07075646011155,38.423865053862485
584,141.50010183326677,52.19910982502522,70.58520309418698,35.8267274119957,68.59916065022806,35.780003419693514
586,74.01674407568711,50.6048525976529,84.33810349622692,54.387427951977685,54.39078694986343,53.39444000474112
594,86.68201797888027,43.36960046484478,69.30804332696025,36.543318584383314,65.67893468503242,39.66759339049741
602,48.141250812091194,22.437953894287578,34.38179925313681,18.5515774108807,33.28714104506727,17.56768444689553
616,84.00552994148572,33.55241248098272,68.81208256099126,37.19723502998775,58.945084085588555,33.247953084519736
617,116.56770002895244,51.05618445463404,90.53254965372395,39.561172958735746,87.17625761078673,42.033979880982805
624,19.27706400584422,33.7916046478695,38.557070971435884,31.37241365314953,20.20216955871883,31.21715275054445
627,131.44117497948272,69.90326634595316,184.53000893956136,66.33855069506691,126.01083295727925,68.67872254905623
629,118.60846420476489,54.44718536453441,107.63627464926816,53.543012911030615,90.97243465051629,47.87321560310834
633,79.31824280677803,72.65427872886086,103.04900489226155,64.40890310836971,31.496424943597223,54.67307917221339
637,97.0402652196331,44.16233161325504,83.48853822743499,41.84776356138136,73.03296418176261,37.90842403226805
638,67.3152182848742,49.242582359853145,62.767863580637886,45.46884003977025,54.37670578736486,44.50645421198481
642,102.37565198013968,43.02006183467918,66.94334743720084,29.83199010555575,67.8564530079375,33.619230849612954
645,83.20623264729157,39.07719902081794,78.80898914420769,52.259241194209395,69.02963916107873,44.004562077598315
646,117.71969848118586,42.75324781442066,90.79446210938035,52.00441379329705,78.01220660298875,34.29942665941109
647,18.140336366528878,35.95921980823136,69.23803283409684,38.17932097433647,14.62330168013586,34.2255227002684
650,114.03582368150511,55.564664557765845,94.67780386289739,43.609048097843036,91.3377672215508,45.28738170170421
657,84.9912609332158,40.530466947649145,70.21646825136158,37.570025992440385,63.19721229390537,37.13828193909823
659,89.19713354594481,52.29001286091165,82.71276982932608,45.466277954157306,77.88973628287071,50.46316955355312
664,119.48344673764622,75.91285270255705,93.45558313484608,67.56762994402499,90.4147571499809,72.5587312371141
668,53.02376133468614,29.760428146107206,53.48026024043293,26.557754624233095,45.69359054221955,24.05872635416624
671,95.58806346883692,43.09784573047758,85.1216608990649,42.54048808405643,79.28360758715817,42.99458359853534
672,60.15412897411075,29.071993314487205,50.84839110961561,20.589212112135858,46.4348354155943,23.15771143401514
676,87.23091061562225,39.15425294214945,70.01050067723769,34.90412650721853,64.14868229411822,31.548566004289007
677,81.96339288835843,43.67166529349685,71.45180646842563,36.34421474290971,65.01378276772698,36.33857671045888
678,84.25919351515833,35.13664404965312,53.764073468240085,27.44294395311912,56.964612696552216,28.31973246280893
685,9.234510839876375,33.86849618638586,49.28196892028139,34.52202638143343,8.381284292605057,31.985058886685184
694,96.13428643914278,43.30627164555417,84.68036900634569,38.67346614037454,74.48306080862183,32.61370653637555
695,22.44997530201775,14.335207946566824,17.416687387227327,11.221783512313667,17.283508240223828,12.141316811920031
714,116.9296573979581,49.9150451038991,106.46710138197142,48.13986565920175,97.06396628414545,48.98915725054808
717,81.54459998180542,42.64488713400382,61.69509448996743,35.07769523200367,63.57057276883679,44.379439223589486
728,84.47752480178197,42.040033200432106,64.78613525885893,34.49298797598697,62.21058749166686,33.02514929541841
731,98.99408029044956,37.179219201479775,75.94390203923568,32.38557104432525,61.529976338589876,25.715986288140183
737,70.1010794091236,37.100123060174916,65.10981770732134,42.30804461926063,62.52520923679236,36.383910737872405
738,49.226441501696826,54.882461691102925,50.20714103232791,47.87567106403393,11.562372356653222,41.22438253824869
740,92.84117646246253,43.4659690010312,63.991381268397824,39.09011553235733,62.79978978583655,31.79822422046788
745,97.4226116451626,51.26422264013842,72.08637067588901,46.38310238392738,72.05265097660853,47.72256045322598
747,61.05825377149113,29.54615729120975,38.39612762618123,20.118224894739186,40.968343882242415,21.835464873012352
750,93.90095122294377,34.99087608467825,74.98144570629356,39.621182058123274,78.43609689093618,36.19664892967431
751,76.1647141785386,38.293276830159584,63.04006280137665,35.25853287960164,55.1441125946677,28.379068820240303
762,57.382452554102876,29.840148924075102,45.77739314247775,27.177182989376632,46.38028015732571,30.58613792617774
764,126.13252265911918,56.977164442209,82.6521989363204,46.109031033689,74.71789338340272,40.428600719462686
772,73.49441001209973,36.468444870067685,60.460823562167704,36.632494153257305,54.035882179628345,34.08116168772163
776,88.6221304146993,46.27167978581617,73.00613067632142,34.37984847392103,69.30795065324105,38.96546734332801
777,83.64843583291419,46.2453563326066,68.69079561314273,40.48594528026776,62.572699454593234,43.010731515128334
778,127.03001278567334,73.29949661384615,92.05146281322419,53.16080990861366,88.41477633449443,56.92673186522371
781,29.622517842830952,36.493052826074006,40.59332460398979,29.089032743919816,17.36426274591123,31.002434623591874
788,73.43342266918704,31.65182060678571,68.90067582671409,37.30438326117674,59.47719958451447,31.37010586629082
791,56.44575948884498,24.59677337046413,40.9993752542637,18.9541202713746,40.03021085147542,16.85767881700725
802,49.853969800995316,22.390973448307758,43.84284307214895,20.937698370073374,41.13164347040513,22.095666429981627
806,116.69135915431632,73.56849600427233,71.46167342957723,47.959631916568824,67.80404667523898,47.41026167286318
814,79.37521692929187,34.05459597489618,59.71866300893199,24.67236625123286,56.09011081110777,25.996091428387714
817,90.4236722712755,42.22819273445752,71.3183454225213,44.417878761856564,67.5524704273432,38.178977440005156
824,121.15649058631966,66.82773610901009,95.9785590941817,64.44016877700766,81.52809178625654,59.134124136457025
826,99.2376352424616,56.05064711231324,67.53680092795693,36.76270964445374,59.64595227296297,43.207556475173746
827,72.53239878531951,46.23684624894484,65.61650547204378,44.780398986741154,59.93146546418112,39.253432494449974
837,68.23130759015109,29.657517529446825,53.851220664965915,22.859925096074637,48.23700202150741,20.98598509919563
838,97.16841714408737,40.995795043807625,59.854372994940796,26.271100535183074,54.71546020203435,29.435069946475213
840,107.01764425644129,56.69266268523143,76.96522613455988,55.46134349023544,70.38477235273415,45.03192833610896
845,71.21812718450711,37.89287844731537,63.693121655394485,46.75531706241666,60.947074693943414,40.83650855365875
847,84.87629615558595,45.68393048647173,60.83060908221501,33.93138887494041,48.78253600233474,31.420820912780155
849,75.31491071730504,34.1066539560043,77.01697155546498,43.44512647514906,65.78344754712582,37.973748888163634
850,114.17224618191618,41.51120763414563,89.72564188768992,38.578368042143524,85.0337054979156,41.11969865411042
851,76.17118928145061,38.4625873284058,63.137969284858904,35.08530548506555,56.485765809925624,30.871493338428692
857,69.17934866912071,30.620897378220555,56.145076524497036,28.34395456707169,52.10308211105135,27.85948723689585
859,109.90780803622167,57.61909559792564,98.41678988478365,45.73901837093637,82.87962453266333,48.40284569706812
862,94.03272462186693,24.881545549850504,91.16170411000763,40.232001616009505,59.51146624150453,31.282809553886025
864,83.01500191676743,36.58409678252776,75.46631039353242,42.1050216460617,64.49654359638507,34.43114639396171
867,76.92576752020531,48.34777504200148,58.551161864823214,36.30208255338194,59.566802063161624,43.567753678697315
868,132.1747144388865,49.04121113011259,90.5374028055414,37.847961467062355,87.68938490260778,35.97264437094349
871,115.81152231791084,49.77851268173752,82.12436521753706,38.576359908187406,76.95891759019335,43.95312669376131
872,48.63137378614229,39.41284689901891,58.89577047572429,36.44865171434711,39.671992711029695,36.20853637415489
876,70.04387628809617,41.20261845732633,59.20239448211598,36.77119787802676,57.98821949715036,40.27783705412006
877,59.153499580894916,32.23210757102279,50.77848550009548,28.25584230034125,45.813012705255254,28.836900918604137
879,86.14621816618163,37.81520013264432,69.82697773193237,39.29312977623412,63.368288829073805,33.75454537736948
881,54.327391144928804,36.79839037967186,42.77668713350411,26.878343347116875,42.76398294798595,27.764553684236574
888,90.60383881988488,38.20330955371326,70.80880197816329,35.063493408014175,67.44925519128319,33.975053980012014
892,136.90303536712034,56.51310653383702,126.58196673756889,60.00447076345914,117.0587579803189,51.3960560324542
893,93.8629928107084,55.889155822203186,75.51156298897847,43.21495136137232,65.5149891168962,38.73203259337445
895,63.06833103037494,30.138113770631637,50.28024781828588,24.89614765808623,47.044238660659246,24.761504654791512
906,181.87684093434083,76.49546859395983,114.81123469609919,50.109614005870014,118.74063703211206,61.415732792358526
926,71.70485710184153,45.62723638098586,67.52395120111792,42.03467337131584,55.07044551922256,38.79327731357914
927,41.76305561547504,49.0843822897017,117.73110157212408,57.68769029810838,101.74055342833593,42.63048305547737
934,119.4824298938535,76.97369468015144,72.21773650321065,52.520233909739204,61.00644849171379,50.19525297694404
935,61.86931493498768,28.7863820828328,55.20131313092302,27.433767784558786,48.85040785627994,26.30967915109828
938,122.030400595142,77.17595699279019,98.935243075212,72.08520363208623,94.04770249530043,73.32463614963025
945,88.99673581483349,45.61339585427354,69.85597060452388,41.34598627086662,70.21090835103007,38.57067601699813
947,94.84573872849396,39.946582936816654,70.01923134191063,37.68847637675565,62.765215331194035,33.55205351967506
949,85.89018023036685,34.34650301585557,73.57094050279487,35.51500572474119,63.036916311690725,35.788647972834234
950,24.243225087800123,10.781989264596326,20.525548465477574,10.695560023712336,18.39562672803991,10.056194770513645
951,85.90341358658723,45.352761649916076,69.81215561136688,42.42223084055824,68.37736385460087,38.446771728961664
954,46.281411582469154,26.65838110538722,25.5861354332908,14.94030962764458,33.73810472923374,23.535959971296407
957,56.81913181838586,25.928999417068255,52.86256096564871,24.83143158018957,44.16856394148187,24.431148704353525
959,90.2361321697441,45.50077884127028,63.92691817119752,41.377719953219405,59.51809905531417,32.87134380323102
960,87.48359683140197,36.23252130363024,82.39528761990877,31.1638582102105,62.05896166592332,30.448679148739075
962,90.30655168168428,62.82800122626427,64.52916055633919,37.663570625843334,68.1740695847382,52.05942382636144
964,115.85736222877593,46.072119845246576,98.7846080051377,44.58731498225436,90.01831609162137,43.144652028933386
968,123.5736084567287,45.64517943484398,102.49121247374198,45.32210407144488,95.98070261649069,45.507524027164074
971,99.03574157103908,54.68675294108512,107.51787036902155,75.89183547884018,79.86045041708103,63.699152924778595
977,83.064798067298,40.039456233541685,75.30502062940606,39.259818281329736,59.275787708214025,36.19062041356828
986,75.1603030555919,35.443045594936734,56.73473400581671,24.487460862041594,54.864904924978006,26.078669319927727
991,93.31598830890255,47.56074996239215,76.43313912324707,34.99501191586111,67.5658515718387,33.28926645780786
992,81.63605595443683,51.96415879407499,57.43602242554941,36.924356897625245,57.27880733611883,41.08928006371644
993,60.581491889724134,34.214435836994234,52.873528800068286,28.255684535491802,48.49654162549404,31.220809182416467
1002,88.78800031212285,41.177690895336774,60.49145543831241,29.060698165741798,61.00280450157941,28.4123845456983
1006,140.2599222455954,61.28205941052861,76.12673346557031,36.44013051254359,66.85081563066956,42.12348239374422
1014,65.32305888797224,28.55567887542849,63.028062362000384,33.360245642183365,50.90966902360556,30.615945210473413
1017,59.923558310853615,31.879313703862213,47.98951009414644,28.224662375786316,47.739504611009494,27.97158858416129
1026,128.96681832697422,47.049492100598215,82.65474841818812,48.12318272831077,79.62661508668357,41.06423528656433
1027,60.35518171887171,31.12508793839988,77.06145265121113,43.59314798509846,61.5691425911927,34.13726498056156
1029,44.08828095335853,50.57415034508383,89.2775308476501,66.32625500763059,33.81849924454036,81.30319265413162
1031,134.6913794822584,49.09876037460877,94.11777898801499,53.49313152208473,72.7187570322926,35.375600700891624
1047,20.966147565777845,59.93341927576045,53.80037105424765,47.09050024822988,15.532859507518667,45.07123599742703
1049,81.16641987500599,34.15732236028108,77.41853943577686,34.1648899076852,62.14143353890697,27.584602336524032
1051,93.17706264218488,47.275353068504394,72.04685159556551,37.38162551867279,71.77272236369564,40.52050012031155
1054,62.83771617615213,33.709829591749035,72.43984107891612,48.524444268068876,59.48266411742348,37.73097026830075
1059,104.19807703336377,39.52317718957787,99.19083638357628,35.34070481391941,77.15900443083362,36.77620012129761
1064,102.13337673859986,34.20096495971915,70.3330095601964,38.61635616143384,64.3420701286303,36.054547906713886
1068,91.27867062827674,45.51046358267321,82.88259962126419,38.66227537678399,70.45398534209252,40.33956426310619
1071,43.96617632935771,21.007162777720225,32.232377119246244,13.259175859634254,31.538837145004127,15.125555224655262
1076,63.1661134829633,31.25506046436986,63.80735100055557,25.139424762995326,49.460575844977896,28.018240288716154
1093,132.29811963217648,87.29193542206015,106.66438920443235,86.67128177302371,103.49273224409579,86.93511756289867
1095,102.3857203773907,50.76941721930666,72.95486096266673,36.89480021748719,71.68009106478739,37.67960429383316
1114,64.68178609340625,29.42420726174903,47.84009588145713,23.10233516960288,49.016416710238715,25.828577689954102
1129,73.60707480028537,38.034422994888786,62.63921390478088,43.86179271420552,57.690639860942206,41.45544269940005
1134,107.60496239739702,61.273801054292214,74.4771239100261,54.78810362050244,59.68491927906221,46.618007231167304
1135,77.96128655025524,27.77774277290648,57.33206696879762,27.072763838254495,53.90233070596804,25.50127195747902
1138,94.53805173389334,73.37463407665356,85.8380486027938,43.081975251985334,85.19453099119622,59.63633399626815
1149,96.65179320633997,46.52041251198636,70.91733086689138,36.64246393195604,69.2764652448755,37.11278350098694
1159,67.88252327341826,34.268061241344824,58.58203172659655,28.17048400417995,53.66028586306996,31.038024153134266
1167,81.11606528416102,34.36126307356556,60.56167843670663,26.373194772583012,56.593355732050775,27.288320079944906
1168,84.6237511983281,43.91225247125021,63.462039232425546,37.96209498891533,60.94523532853014,39.35181534323881
1171,94.26361350802075,42.197870579608875,85.66141573264441,47.19388842622056,77.45431344054704,44.12278857780162
1172,65.03936013552486,28.83617357413276,52.78196426261884,24.160141598566685,47.607010703262745,22.25661142553035
1183,79.19002776734632,44.636628986237824,88.98504260653877,48.520996678468386,63.83295319559781,29.75093250672356
1185,77.5864080203943,42.990710806778,63.91043005491524,37.90631558483667,62.423479331851986,37.489259661632765
1194,99.71289646005022,43.26291023900775,13.643337839012599,5.411018918892933,0.0,0.0
1217,123.31086646840586,64.11177427142925,89.6300661682175,42.40219551830614,75.34057619939588,39.66661973758289
1222,119.23303053781846,61.17432518074617,102.81875751845416,54.368068231558105,84.45722702747418,53.90273838838083
1244,97.01506342699538,39.18611944094548,72.81240689295485,33.68122989880486,69.48423706330492,36.49534545136491
1251,22.30238955600848,47.12159186898198,46.43197595743344,44.751494589247955,19.868959721533265,43.21385354800488
1254,102.60499711956014,52.60648474048681,101.6578421649051,54.03959887041642,83.73770919504908,50.500003264625136
1259,72.74460323867464,45.57176699732681,62.33335494960839,38.37631396960902,50.037529654394575,36.19966476400516
1260,61.31658015007905,33.318473911189756,48.119311557210416,23.25960005737653,45.896429383514885,21.880216165505374
1262,55.66741763751809,28.14865755061948,41.03626253494353,20.888744228291216,42.2589410552799,23.033062566676897
1268,71.77793158566689,48.19191045229782,77.32085835128446,48.12344819943221,65.0233490586786,49.50758747629983
1269,109.4090925404866,51.65859448057247,78.1521956409399,46.251842029189646,71.56686694424585,42.6321856939581
1276,103.67165563930838,45.86705800758973,89.31522448600664,40.952397482563654,80.41507482284432,40.27982634314817
1277,106.90815873779619,51.35809047322347,74.17603298456297,41.57712755178759,73.43462145569023,42.583863021623884
1278,85.30107063811194,36.266318605308896,69.98039190036414,32.07820062565003,68.65691094444367,35.92002129763706
1284,105.1176683550322,46.22885244366833,78.24681989623453,37.52346792692482,70.22146419031424,34.80728132461693
1291,57.00502024352005,32.468067026839144,54.99964965835417,39.67476068286646,45.86344137238419,31.945440850813085
1294,79.53620454264781,40.49339289978063,68.6558991739489,36.784116930579984,55.42259902979709,39.33931051509164
1314,66.98108810329823,41.18351816459096,56.301866434901534,38.209068886938915,39.776058504628466,29.752403282138268
1317,94.53720494558493,65.80596207805209,76.18307148693357,49.96732258807985,62.63227595900514,45.53003904376296
1331,77.84063213352488,39.06339528441352,66.18733747310982,34.91320341719598,70.62861799127454,39.409168973889386
1335,117.66137610764308,53.31678820187929,100.96382106646267,55.70175445592767,88.63407409357377,49.24763590397358
1349,46.678816186825905,44.83882945445256,86.91925349405166,49.68267532763226,56.71725912925173,48.313421561584796
1356,61.356371437150834,29.327453289001504,69.17651839312218,35.85048438774516,67.60319521704149,37.6327493715128
1362,72.16632536154546,42.29579505486623,67.13724591798511,46.2985848856282,57.08016628266848,43.10398274367128
1364,94.70343671193284,63.68688358562296,72.16954187083955,47.70586417358807,78.7278558393702,54.38367190467042
1368,75.9816735945836,26.745184160988302,59.89957490387623,24.383929349887854,56.345889942880135,24.463277952089832
1376,,,97.2319907318956,47.009931760541,85.51039853423084,40.295728826102305
1377,73.86061834810782,43.6676484739669,78.5358699970762,45.42790984413795,67.19807075572653,45.69298603283535
1378,62.77404879096559,33.71830410727265,47.89564092402555,25.89890332521669,50.14262130761934,28.041693028969288
1385,101.76272341676903,45.26297335478536,80.95564176401976,39.17577300190947,69.64185968163476,36.48442568378057
1391,101.56703477783283,56.8216995380949,94.00043046503966,60.8474367914861,68.81597214173648,40.023636006413966
1417,75.21552161035324,32.874041950648085,68.26524159557904,29.798752432426667,58.77234170365604,27.5771979002754
1449,92.14034194448125,51.092310460447365,84.8832421184521,48.9570185217395,72.40027802286473,45.43494886748085
1454,84.43042751119218,32.91453534646013,74.29486112139517,39.096061586454304,61.21359664306231,33.16934961684341
1459,78.56831767205752,35.59561581366894,63.46376693213967,33.84533553589327,60.84930435691756,34.57060176292541
1460,76.10453328257738,34.537475065532036,72.25447597419124,44.0790562272793,61.56050833489676,37.44265241992667
1462,73.58228004925891,34.08062496545024,57.47426930106625,27.303917596466647,56.670018461838495,28.505566275419568
1464,75.6753705940489,36.36828402414603,72.58295821147088,32.290908661561936,60.857007193669396,34.11974245122707
1468,27.261513454494157,29.943982536374765,48.446444894800244,26.84684870631496,25.042826305057513,26.506744404081953
1491,30.30003188782493,17.66563242692489,24.264263072358517,15.0104887195777,22.32416237642649,15.498202349827356
1492,57.30090568630948,30.57474392434182,47.13439828825821,20.255076905371777,43.96529638275149,20.39097169491701
1495,63.130528864199626,34.407760274797035,43.14518379586776,23.767229991507044,45.882739455820214,24.63880373175456
1506,177.68867830213995,109.2232676352271,117.6081684527006,78.56856746280046,105.74145924909864,65.60473338042061
1531,114.31723475432607,61.738248029799394,76.45669977196722,49.557670591404055,66.07178250175846,48.60161024489133
1533,89.07768724634116,35.500651005677334,65.22178945721372,31.70924881357936,63.35944389145376,29.821439984349418
1535,78.401645910322,25.977345731532875,70.79199637986864,32.19341488658454,59.06223661673681,27.70764088168357
1544,69.07190486321728,49.832687581332564,80.08721808107362,47.87998441427333,42.69662285783976,44.57354545518366
1556,117.21493269036289,42.648399193785565,90.40875745799163,40.47359299587772,85.66584726135865,40.1884454081655
1560,82.48785401562945,44.73958697577756,83.7390570117714,59.51261484707855,65.4054410573889,62.408300843351604
1564,81.724109391657,36.79617667232554,56.76084206766812,30.383833306396763,59.68441531901527,30.29866436615436
1576,133.87028533414346,53.63460465172802,87.86131398168969,34.2003316596963,108.3121757509845,44.276106173908424
1583,138.5563628259301,57.31335824856049,101.97827721176378,86.24737020394646,91.83192411691032,78.01815708404253
1585,58.07447899954108,35.556960521852915,65.7255847432483,35.203993115800245,39.530846757636695,33.81246922139668
1592,84.85675166807134,51.700427595033254,60.93949187038644,31.906222422426758,63.04033120911567,36.896856035337905
1593,69.90346895425543,48.048793535280794,54.007216077038144,45.34496628924964,53.011085590197496,48.441019150514656
1606,140.13058950440038,60.06558332833677,87.2660962962835,41.661303996604616,75.35151815320218,56.958812635990114
1613,96.19235059458458,48.12608861966422,70.13490473979219,48.267870208262394,63.224115615950346,37.86369272643713
1617,71.70668201589433,34.23513106616242,53.89826893206452,27.750265966587683,53.20260183524547,29.721155428912724
1622,108.15666101448154,44.138598248189204,110.32257555170175,56.85761032723092,92.87120487202989,54.08246709202936
1631,73.75732326011396,36.04391945089331,58.499096470592164,32.30409470127165,53.13468626665547,34.63037419717785
1633,85.69461700050131,38.415447176221996,65.51925931320059,37.35233740867268,60.93969311337943,29.530558209006397
1635,110.3320751726052,50.27764322606891,87.0929837103977,40.26930776246843,82.77368229112052,43.408906558400595
1654,66.00497783032802,30.990336504907546,53.76131642109958,28.17160713965576,52.26083529711198,30.886180662893498
1656,77.95064889371699,34.83229142437727,65.42092526416256,36.582220847007214,58.15882482325469,33.96772948883719
1662,65.12277013384598,37.92050935110087,48.88003455324447,29.190481378157347,51.75051907808119,34.4510746237379
1668,75.47879409795155,34.535783252380256,59.01889503616759,30.577014769547798,57.521940211072334,29.97038639333934
1669,128.9837410298674,73.33244244890706,188.02024848557141,142.20800581138874,105.19855832014976,63.466390134702046
1683,64.92786779017813,62.14638184787701,68.79509572297334,49.23278161286017,28.095257450354445,50.461697277828975
1685,87.68077654474801,36.0351475065149,67.8512111009217,33.1189044509173,62.32294847550773,32.22254264747462
1692,102.11736943383222,49.94572186261737,75.68974414284692,43.233045625058956,71.03156253382885,43.45982900676409
1693,74.9370109871305,45.09925346842354,63.02782304170349,36.46475463982548,57.468786729650176,33.62546540956679
1695,64.78167383546632,41.67420463956223,42.76490998585694,28.71769093862551,40.875723846637584,28.257487787404813
1713,91.89715997456942,44.90054902523769,69.04844092429235,42.360517064124856,51.81113609751613,33.53047204698863
1722,84.86522338902923,39.976651869054365,92.52086702655085,45.24738714151176,85.21051802872064,43.85307648577065
1733,83.42744560902676,53.16823002619908,60.38281728476671,42.28155812221347,60.98125109757395,44.44641171535477
1735,60.92226278160382,29.546519416435935,64.48695490108358,32.34503817581843,48.79617666346001,25.72908983514835
1756,80.75931382037855,35.17041658103744,81.65885292510744,37.87731781695039,68.83746119271805,40.15742019835857
1759,78.78633694184725,35.90102458448477,85.40552278926731,44.41886376741158,72.06106371875333,39.99282553616689
1762,71.52070250858351,38.031247309544355,57.56108459446098,28.610871335483044,51.239049203320484,29.892005389948704
1769,178.98471140394943,72.57006805002958,127.09163310143484,64.0206203781157,115.92828368923198,66.63153265931092
1777,100.48372452862897,48.03901210952912,80.43452112671079,38.93084307314704,73.2366449499424,37.524863372963424
1784,68.23298044343579,71.83847244922569,76.92738402649478,63.72308663824278,49.43010954361997,66.18409146136463
1785,153.8377236181189,58.52907737086722,103.05833633748455,40.44186221284234,84.60711834956628,38.12850777341702
1795,111.67669410879992,44.51892786678496,65.00133648500903,29.37437294781932,54.11716036928219,25.202308546542103
1806,122.40677348362702,71.05123158841567,79.88703708147987,53.92533189604028,79.1346530457231,56.57738050414898
1813,6.422331821515602,44.279088129560634,31.342453682984743,31.0134056735971,8.093163130289948,34.747725213423124
1822,89.53487282494511,39.13898003123709,78.42201900122292,34.292038554504295,73.43734378103446,34.412112565030675
1829,75.75377288520262,28.853813791009745,64.92294606474249,29.550549547766696,63.983083097102046,29.223505235665055
1833,55.89833057936366,45.02680233000296,63.24321545798506,40.672829582544765,52.83816847877705,32.10804960930022
1854,98.19250143792785,45.230994635022526,97.6530657704851,63.67234714023475,79.78431734853974,47.48886936061092
1862,75.4737081918311,34.808310123207406,78.13010592278063,43.190893006456896,62.16810696015122,36.07769546924941
1876,70.9220725589625,33.329355109968695,54.40163668084438,34.94844615274738,50.99815243567244,32.63654565068033
1885,84.60228117396925,36.04591160562978,81.06362871485439,39.42950336238639,64.20979844655945,34.68322693042993
1892,110.07519391154034,76.20710012216684,86.0670674207244,62.92274610303644,81.2009444910744,61.96075768531481
1895,62.80143011992977,36.90535480527006,52.24464779360865,32.587237340915436,45.9710415838449,29.251421166674554
1906,145.44858934074142,74.84780839323255,94.83563378350307,44.72406891983689,88.43938508362831,52.21390472122499
1922,126.83042624536377,68.01278828107361,111.19636219544502,61.53444411244381,103.0531403181207,66.71342772091205
1933,64.8385537955337,33.429488969165725,46.82269380000821,29.078213091458732,46.020951842349334,29.64834403571007
1935,82.11821225652105,53.624540724801136,90.73765265345097,54.04460521452582,69.35307047853766,53.85609206817887
1956,90.52894271387774,48.33101527545492,86.14782423890149,46.147120877425436,75.06428219027961,45.992980179634216
1960,64.27654795327204,31.001042783185017,54.19670628410748,37.02266857446775,46.74191738127444,29.320087705028364
1969,86.60238423954114,52.38179584607913,65.71178234494926,45.68560051896058,67.48111732894989,47.463174841888254
1976,63.6568440127372,37.53115327806587,56.74414734210367,29.991367394331323,49.55690081453819,25.727601768943998
1983,129.06675516320064,54.26405575973187,81.86382611286324,45.419755358195005,67.27786962758628,39.32350897912392
1985,133.6698639522734,72.93814581681174,118.90843651721936,68.86287730084854,98.36461749724532,66.82587674898794
1992,125.51273489713046,72.42422016164332,125.1445753454864,75.80490580408745,115.38219975113061,63.48243486035772
2022,99.32736624389183,50.2848219722577,104.033503183934,58.163636075299955,74.76849045596035,49.208853068522025
2035,88.35743736480053,40.39501943795877,72.12410604450136,34.28196562996214,70.93682733378185,34.61350988670703
2069,138.30308190479826,70.16347193394951,112.4872617947619,57.62883593964562,103.68419280539392,58.10120105071885
2083,118.23811391889113,54.58346647290711,72.65234045599229,44.3364980232044,69.17080736250252,39.47344553106233
2085,78.72630720517357,32.03326252969557,71.92430665010521,40.78710429170983,64.5444332914924,38.88677455233412
2113,117.42586299850089,47.9861311506136,76.21170315203436,35.6806663038032,76.50249015979519,40.4634962289434
2117,112.65342005487405,58.242338253652484,101.71548565819671,72.29666255285079,88.59996659428181,66.8010906750437
2122,33.22747976651752,40.69403686258918,80.4223709956335,43.19330073881283,22.98590377098458,44.86027888673147
2129,86.10065168036981,37.39126213039922,82.18991082728506,27.66115850500062,69.73170318544244,32.41908454325952
2133,119.4161092487257,48.71985258725564,79.51667768039044,40.07550440571805,77.99319238987931,39.37079160123736
2156,129.28464590603974,54.427623734320036,102.49590737542057,43.572786922867664,96.23086940137888,42.74392126592353
2159,125.21941950723102,58.20371498894146,111.35180739014577,57.87966361021488,100.36934331307471,59.61108182309604
2169,142.24679152457554,46.816196796878444,86.51335282925399,29.767520387402936,81.57535695489332,34.45675216877576
2176,114.13553072024024,61.26453147076157,98.49930279160486,62.28864423404108,92.99332494851728,55.21320844655473
2185,83.7713879678964,46.846621247191,69.77752922008757,40.103193669368366,61.921558558886396,42.40694339658865
2213,64.40488803307025,31.36656982669947,50.97714398376807,39.79299902768188,45.73551406052684,29.51870883709513
2217,133.46788491516295,54.434422488895855,101.2291078094188,44.55054607816743,101.36211952354293,48.95842097305849
2222,63.117099661341996,32.98620648101714,54.8966323910222,32.28124254080596,53.48359881900594,36.311562487231946
2229,67.82673325694073,33.97477405379367,57.99908167920699,27.507136954882892,51.571494173491345,31.01586547552396
2233,74.90995043771626,29.24384943374988,54.700425269425665,30.05163947056193,50.66378486339808,26.57539569457495
2244,34.5249779955306,57.10805021561881,63.859265966970895,48.42778742100994,26.6037051727691,47.54289761049228
2256,79.09923457734982,38.438070791537456,56.99607822246525,28.786052095760002,58.225687789636055,30.864703919633843
2259,69.10525037539325,33.70987290357726,88.4496890952965,29.06927449942338,64.12661644908866,28.06913993225274
2260,58.83313129045052,26.784998271907767,47.62822732902035,28.27073862349405,43.63302465646619,26.113883616353853
2269,95.84196295957567,41.92797705687485,58.22470788094723,35.304207387826516,61.79140112504755,35.44370750119385
2283,86.65448093711223,45.66356958185671,54.85785422263641,30.21453951853534,45.138962200201185,30.47134424755573
2322,77.44767309726906,36.98501570331874,63.264787959512006,25.008036242197722,55.80932998757322,27.738950102842914
2329,73.67663011347977,33.31817906107244,66.3010040003696,39.46698061984225,62.47392496375572,37.60414158711891
2333,85.62829675949898,38.29214850653941,42.724222768750714,18.575691744429857,69.26599405295121,32.26898302497898
2344,87.63933765991025,37.522425142171365,68.95431997636176,28.3579006763344,64.74658677439217,30.87485058414507
2356,35.59703554698879,42.446879635679664,74.51107376435324,35.965044206277426,31.504979470021272,36.9171004082762
2383,238.8627256058673,115.03046424301687,132.75623109100795,64.56231969126387,117.9191801115044,72.90504013107112
2422,59.86663028542539,29.49084629775086,47.754632658490856,30.360643107421758,46.16786316032759,27.61476732931271
2444,80.92277510356543,44.69894450215381,81.52851127936819,45.369424594532326,64.87097880747635,41.47522229889022
2456,110.83131518342157,39.672519769480964,93.16890504746168,43.11964181426032,85.61268212103538,37.63957173484175
2513,95.88578594443172,51.1990654426753,63.0081240311382,40.15113740010484,65.45705885748521,42.152075962092155
2529,61.42233008360952,34.94837582881109,57.8092064795442,36.162025769811834,53.569181812368655,39.226045926414606
2533,72.46277585947605,36.6562484311378,51.888178593836706,26.302283691009038,16.121834540195756,27.410619306825364
2569,130.30105457098574,63.08934137144341,105.73850246298481,46.15375359951033,100.11776706186764,48.66288895977026
2633,110.04782022510481,48.0736705836917,81.26277286142849,65.69807140497872,76.69309249397521,66.80246261166346
2644,58.75740310102057,38.326946099986245,60.568709354765545,37.58826499084006,33.868773430408375,47.82345090509045
2659,60.09683995460633,27.44034026410318,48.316104205836986,18.515831752470696,44.49473247424804,21.858246992013896
2744,103.51064956155653,35.90964675147266,66.7488237103799,32.45002319408145,65.34621417942459,32.24560589329801
2829,85.84085584271534,41.52836127736731,82.2947724950275,39.04983489076916,71.40408779235554,39.44625917354646
2859,85.12911240344035,43.361406153003685,64.66997044731781,43.43663557095197,61.282920229014685,36.036031593023964
2929,128.9629227756015,49.54626728922438,107.04536677412185,45.42593427763435,87.93067110549562,46.20963389772184
2944,83.63463995932406,46.550838530030774,70.15317325295216,34.3759629325197,63.06296403850143,36.53782237250463
3029,60.651179188677034,29.088180593617224,50.04299688629063,24.88523694302717,47.75821879715262,25.01672737250118
3033,112.18123246817635,50.640213538818905,89.41540862175553,51.38392258243533,86.42209339938192,55.05665310310694
3044,66.69140795401779,26.883972291451137,56.94526027977333,30.027021662830812,51.35633567598669,26.448021994214763
3129,72.9996324019378,33.49999233677185,78.02091488192744,30.443159831328604,61.80732944538235,28.96981541778014
3233,13.970092029770383,40.019572976868446,56.75698268316475,49.98736815901272,22.696864033384198,42.05275093519935
3244,42.6726791966244,29.27955866535346,48.47496032878729,25.13433699327759,30.835140018520107,26.01641736780331
3429,84.10112646995756,27.212831050452852,78.58875077035104,25.95812381828166,68.47468483051854,24.17041829315474
3444,50.786974177795024,32.49280366483616,61.19979849760315,45.61230545602587,35.19076979930541,31.826945501286016
3544,93.43965529610877,38.97262433041335,75.58699922863616,36.98080270671093,69.25517321024917,35.99411092473781
3644,85.76825568510648,37.039561854424896,61.3697794034012,32.620301149763044,54.09291403888571,31.925548582812393
3829,111.13818928817248,37.47388828367465,97.54056527281276,33.85658858422505,78.29332314256119,31.18186459824234
3844,75.82817170478012,33.39468223258819,56.00699125285282,30.59533725275223,54.94449678676093,32.974921432486106
3929,67.76971890817794,34.304874730223695,67.2029986002788,35.29848490014538,60.08244522660947,33.325487932268985
3944,96.12190963435404,36.87292167115838,74.32924966926116,40.383993117752844,65.1921341513625,38.28651461581903
4029,50.202867059076645,34.85711657070816,49.72437183644081,25.0609376179527,35.3171000028671,26.938813667050418
4329,97.55247967976267,45.46221327846977,89.85666313042547,51.671516522804296,71.41902940918375,39.96114574041909
4429,107.16611022518101,46.99537357374291,89.06478386012434,39.40266957478922,78.36835687678548,44.7238568126462
4529,143.09684948196673,56.61626791070615,109.07651931484233,55.29151021976626,70.75274125701584,31.359932352444687
