month,clean_hour,market_price_eur_mwh,hp_hc_price_eur_mwh
Janvier 2023,Lundi 0h,113.05199999999999,52.87
Janvier 2023,Lundi 1h,118.30999999999999,52.87
Janvier 2023,Lundi 2h,115.904,52.87
Janvier 2023,Lundi 3h,102.078,52.87
Janvier 2023,Lundi 4h,98.50800000000001,52.87
Janvier 2023,Lundi 5h,115.30199999999999,52.87
Janvier 2023,Lundi 6h,144.418,52.87
Janvier 2023,Lundi 7h,171.824,108.83
Janvier 2023,Lundi 8h,183.996,108.83
Janvier 2023,Lundi 9h,182.592,108.83
Janvier 2023,Lundi 10h,173.54000000000002,108.83
Janvier 2023,Lundi 11h,164.294,108.83
Janvier 2023,Lundi 12h,154.028,108.83
Janvier 2023,Lundi 13h,148.376,108.83
Janvier 2023,Lundi 14h,149.076,108.83
Janvier 2023,Lundi 15h,151.666,108.83
Janvier 2023,Lundi 16h,152.93800000000002,108.83
Janvier 2023,Lundi 17h,174.44400000000002,108.83
Janvier 2023,Lundi 18h,188.506,108.83
Janvier 2023,Lundi 19h,186.378,108.83
Janvier 2023,Lundi 20h,170.644,108.83
Janvier 2023,Lundi 21h,155.506,108.83
Janvier 2023,Lundi 22h,155.018,52.87
Janvier 2023,Lundi 23h,147.44,52.87
Janvier 2023,Mardi 0h,142.552,52.87
Janvier 2023,Mardi 1h,139.56,52.87
Janvier 2023,Mardi 2h,138.656,52.87
Janvier 2023,Mardi 3h,120.18400000000001,52.87
Janvier 2023,Mardi 4h,118.316,52.87
Janvier 2023,Mardi 5h,131.18400000000003,52.87
Janvier 2023,Mardi 6h,149.494,52.87
Janvier 2023,Mardi 7h,171.03,108.83
Janvier 2023,Mardi 8h,192.23399999999998,108.83
Janvier 2023,Mardi 9h,180.83800000000002,108.83
Janvier 2023,Mardi 10h,165.202,108.83
Janvier 2023,Mardi 11h,150.062,108.83
Janvier 2023,Mardi 12h,138.072,108.83
Janvier 2023,Mardi 13h,130.76,108.83
Janvier 2023,Mardi 14h,133.314,108.83
Janvier 2023,Mardi 15h,133.124,108.83
Janvier 2023,Mardi 16h,150.83800000000002,108.83
Janvier 2023,Mardi 17h,172.382,108.83
Janvier 2023,Mardi 18h,189.63,108.83
Janvier 2023,Mardi 19h,188.608,108.83
Janvier 2023,Mardi 20h,174.42000000000002,108.83
Janvier 2023,Mardi 21h,158.276,108.83
Janvier 2023,Mardi 22h,155.21800000000002,52.87
Janvier 2023,Mardi 23h,143.606,52.87
Janvier 2023,Mercredi 0h,109.6025,52.87
Janvier 2023,Mercredi 1h,93.125,52.87
Janvier 2023,Mercredi 2h,87.1875,52.87
Janvier 2023,Mercredi 3h,82.1525,52.87
Janvier 2023,Mercredi 4h,79.20000000000002,52.87
Janvier 2023,Mercredi 5h,84.02000000000001,52.87
Janvier 2023,Mercredi 6h,101.225,52.87
Janvier 2023,Mercredi 7h,122.4575,108.83
Janvier 2023,Mercredi 8h,135.3025,108.83
Janvier 2023,Mercredi 9h,136.595,108.83
Janvier 2023,Mercredi 10h,121.3325,108.83
Janvier 2023,Mercredi 11h,117.51249999999999,108.83
Janvier 2023,Mercredi 12h,111.4325,108.83
Janvier 2023,Mercredi 13h,102.2875,108.83
Janvier 2023,Mercredi 14h,99.8625,108.83
Janvier 2023,Mercredi 15h,102.3725,108.83
Janvier 2023,Mercredi 16h,109.35499999999999,108.83
Janvier 2023,Mercredi 17h,119.8575,108.83
Janvier 2023,Mercredi 18h,143.325,108.83
Janvier 2023,Mercredi 19h,139.70250000000001,108.83
Janvier 2023,Mercredi 20h,125.49000000000001,108.83
Janvier 2023,Mercredi 21h,112.35999999999999,108.83
Janvier 2023,Mercredi 22h,110.42250000000001,52.87
Janvier 2023,Mercredi 23h,101.1,52.87
Janvier 2023,Jeudi 0h,131.0525,52.87
Janvier 2023,Jeudi 1h,126.2075,52.87
Janvier 2023,Jeudi 2h,121.89,52.87
Janvier 2023,Jeudi 3h,117.88499999999999,52.87
Janvier 2023,Jeudi 4h,116.845,52.87
Janvier 2023,Jeudi 5h,121.285,52.87
Janvier 2023,Jeudi 6h,136.29,52.87
Janvier 2023,Jeudi 7h,154.59,108.83
Janvier 2023,Jeudi 8h,172.88,108.83
Janvier 2023,Jeudi 9h,182.9925,108.83
Janvier 2023,Jeudi 10h,173.5125,108.83
Janvier 2023,Jeudi 11h,175.23000000000002,108.83
Janvier 2023,Jeudi 12h,154.1225,108.83
Janvier 2023,Jeudi 13h,140.0075,108.83
Janvier 2023,Jeudi 14h,140.585,108.83
Janvier 2023,Jeudi 15h,144.225,108.83
Janvier 2023,Jeudi 16h,150.8925,108.83
Janvier 2023,Jeudi 17h,161.855,108.83
Janvier 2023,Jeudi 18h,174.2025,108.83
Janvier 2023,Jeudi 19h,170.6825,108.83
Janvier 2023,Jeudi 20h,161.0175,108.83
Janvier 2023,Jeudi 21h,145.3425,108.83
Janvier 2023,Jeudi 22h,141.7225,52.87
Janvier 2023,Jeudi 23h,132.29500000000002,52.87
Janvier 2023,Vendredi 0h,105.605,52.87
Janvier 2023,Vendredi 1h,99.69,52.87
Janvier 2023,Vendredi 2h,94.685,52.87
Janvier 2023,Vendredi 3h,88.3175,52.87
Janvier 2023,Vendredi 4h,89.45750000000001,52.87
Janvier 2023,Vendredi 5h,99.3175,52.87
Janvier 2023,Vendredi 6h,118.8725,52.87
Janvier 2023,Vendredi 7h,143.8125,108.83
Janvier 2023,Vendredi 8h,160.115,108.83
Janvier 2023,Vendredi 9h,155.525,108.83
Janvier 2023,Vendredi 10h,143.14249999999998,108.83
Janvier 2023,Vendredi 11h,136.1375,108.83
Janvier 2023,Vendredi 12h,124.85750000000002,108.83
Janvier 2023,Vendredi 13h,111.7825,108.83
Janvier 2023,Vendredi 14h,111.5675,108.83
Janvier 2023,Vendredi 15h,121.615,108.83
Janvier 2023,Vendredi 16h,133.7525,108.83
Janvier 2023,Vendredi 17h,148.1,108.83
Janvier 2023,Vendredi 18h,156.3475,108.83
Janvier 2023,Vendredi 19h,156.4725,108.83
Janvier 2023,Vendredi 20h,150.4025,108.83
Janvier 2023,Vendredi 21h,139.21249999999998,108.83
Janvier 2023,Vendredi 22h,133.9925,52.87
Janvier 2023,Vendredi 23h,124.9925,52.87
Janvier 2023,Samedi 0h,116.845,52.87
Janvier 2023,Samedi 1h,107.47749999999999,52.87
Janvier 2023,Samedi 2h,101.32249999999999,52.87
Janvier 2023,Samedi 3h,87.76249999999999,52.87
Janvier 2023,Samedi 4h,81.17750000000001,52.87
Janvier 2023,Samedi 5h,80.41999999999999,52.87
Janvier 2023,Samedi 6h,85.65,52.87
Janvier 2023,Samedi 7h,90.2975,108.83
Janvier 2023,Samedi 8h,107.0925,108.83
Janvier 2023,Samedi 9h,113.14000000000001,108.83
Janvier 2023,Samedi 10h,110.4025,108.83
Janvier 2023,Samedi 11h,104.16,108.83
Janvier 2023,Samedi 12h,98.0775,108.83
Janvier 2023,Samedi 13h,83.565,108.83
Janvier 2023,Samedi 14h,81.685,108.83
Janvier 2023,Samedi 15h,80.9025,108.83
Janvier 2023,Samedi 16h,85.36250000000001,108.83
Janvier 2023,Samedi 17h,99.2375,108.83
Janvier 2023,Samedi 18h,111.1175,108.83
Janvier 2023,Samedi 19h,122.74,108.83
Janvier 2023,Samedi 20h,115.33,108.83
Janvier 2023,Samedi 21h,112.60249999999999,108.83
Janvier 2023,Samedi 22h,110.9325,52.87
Janvier 2023,Samedi 23h,107.95,52.87
Janvier 2023,Dimanche 0h,84.69800000000001,52.87
Janvier 2023,Dimanche 1h,77.388,52.87
Janvier 2023,Dimanche 2h,76.53399999999999,52.87
Janvier 2023,Dimanche 3h,67.348,52.87
Janvier 2023,Dimanche 4h,64.264,52.87
Janvier 2023,Dimanche 5h,65.4,52.87
Janvier 2023,Dimanche 6h,69.492,52.87
Janvier 2023,Dimanche 7h,74.122,108.83
Janvier 2023,Dimanche 8h,80.628,108.83
Janvier 2023,Dimanche 9h,86.69000000000001,108.83
Janvier 2023,Dimanche 10h,88.328,108.83
Janvier 2023,Dimanche 11h,89.15,108.83
Janvier 2023,Dimanche 12h,86.09,108.83
Janvier 2023,Dimanche 13h,74.104,108.83
Janvier 2023,Dimanche 14h,75.316,108.83
Janvier 2023,Dimanche 15h,80.888,108.83
Janvier 2023,Dimanche 16h,84.124,108.83
Janvier 2023,Dimanche 17h,103.59200000000001,108.83
Janvier 2023,Dimanche 18h,117.58600000000001,108.83
Janvier 2023,Dimanche 19h,122.928,108.83
Janvier 2023,Dimanche 20h,117.64000000000001,108.83
Janvier 2023,Dimanche 21h,112.14000000000001,108.83
Janvier 2023,Dimanche 22h,107.92,52.87
Janvier 2023,Dimanche 23h,96.77000000000001,52.87
Février 2023,Lundi 0h,113.61,52.87
Février 2023,Lundi 1h,116.1375,52.87
Février 2023,Lundi 2h,113.25,52.87
Février 2023,Lundi 3h,106.1875,52.87
Février 2023,Lundi 4h,104.8725,52.87
Février 2023,Lundi 5h,113.25750000000001,52.87
Février 2023,Lundi 6h,129.66500000000002,52.87
Février 2023,Lundi 7h,156.8175,108.83
Février 2023,Lundi 8h,171.10750000000002,108.83
Février 2023,Lundi 9h,153.9625,108.83
Février 2023,Lundi 10h,144.27249999999998,108.83
Février 2023,Lundi 11h,130.07,108.83
Février 2023,Lundi 12h,112.6525,108.83
Février 2023,Lundi 13h,106.7825,108.83
Février 2023,Lundi 14h,104.0375,108.83
Février 2023,Lundi 15h,109.58,108.83
Février 2023,Lundi 16h,121.0725,108.83
Février 2023,Lundi 17h,143.35500000000002,108.83
Février 2023,Lundi 18h,162.77,108.83
Février 2023,Lundi 19h,165.995,108.83
Février 2023,Lundi 20h,156.1825,108.83
Février 2023,Lundi 21h,144.1225,108.83
Février 2023,Lundi 22h,138.85,52.87
Février 2023,Lundi 23h,133.215,52.87
Février 2023,Mardi 0h,108.85499999999999,52.87
Février 2023,Mardi 1h,104.5025,52.87
Février 2023,Mardi 2h,104.30749999999999,52.87
Février 2023,Mardi 3h,101.345,52.87
Février 2023,Mardi 4h,101.0275,52.87
Février 2023,Mardi 5h,106.9125,52.87
Février 2023,Mardi 6h,121.6,52.87
Février 2023,Mardi 7h,134.91,108.83
Février 2023,Mardi 8h,144.54,108.83
Février 2023,Mardi 9h,134.955,108.83
Février 2023,Mardi 10h,119.0775,108.83
Février 2023,Mardi 11h,110.6525,108.83
Février 2023,Mardi 12h,101.1025,108.83
Février 2023,Mardi 13h,97.7825,108.83
Février 2023,Mardi 14h,90.92,108.83
Février 2023,Mardi 15h,69.4025,108.83
Février 2023,Mardi 16h,93.0375,108.83
Février 2023,Mardi 17h,122.8575,108.83
Février 2023,Mardi 18h,142.995,108.83
Février 2023,Mardi 19h,144.81,108.83
Février 2023,Mardi 20h,148.255,108.83
Février 2023,Mardi 21h,142.4525,108.83
Février 2023,Mardi 22h,139.385,52.87
Février 2023,Mardi 23h,130.62,52.87
Février 2023,Mercredi 0h,106.4225,52.87
Février 2023,Mercredi 1h,97.29249999999999,52.87
Février 2023,Mercredi 2h,94.4625,52.87
Février 2023,Mercredi 3h,91.5775,52.87
Février 2023,Mercredi 4h,92.6275,52.87
Février 2023,Mercredi 5h,100.23750000000001,52.87
Février 2023,Mercredi 6h,120.28999999999999,52.87
Février 2023,Mercredi 7h,139.45999999999998,108.83
Février 2023,Mercredi 8h,145.505,108.83
Février 2023,Mercredi 9h,139.16500000000002,108.83
Février 2023,Mercredi 10h,131.31,108.83
Février 2023,Mercredi 11h,124.705,108.83
Février 2023,Mercredi 12h,117.52250000000001,108.83
Février 2023,Mercredi 13h,107.80749999999999,108.83
Février 2023,Mercredi 14h,108.39249999999998,108.83
Février 2023,Mercredi 15h,114.1125,108.83
Février 2023,Mercredi 16h,123.85,108.83
Février 2023,Mercredi 17h,137.89749999999998,108.83
Février 2023,Mercredi 18h,147.13,108.83
Février 2023,Mercredi 19h,144.8425,108.83
Février 2023,Mercredi 20h,138.79500000000002,108.83
Février 2023,Mercredi 21h,126.50999999999999,108.83
Février 2023,Mercredi 22h,126.54499999999999,52.87
Février 2023,Mercredi 23h,110.7125,52.87
Février 2023,Jeudi 0h,135.51,52.87
Février 2023,Jeudi 1h,130.105,52.87
Février 2023,Jeudi 2h,128.5525,52.87
Février 2023,Jeudi 3h,117.11,52.87
Février 2023,Jeudi 4h,111.0175,52.87
Février 2023,Jeudi 5h,115.395,52.87
Février 2023,Jeudi 6h,135.1875,52.87
Février 2023,Jeudi 7h,152.72,108.83
Février 2023,Jeudi 8h,159.075,108.83
Février 2023,Jeudi 9h,155.2475,108.83
Février 2023,Jeudi 10h,147.3675,108.83
Février 2023,Jeudi 11h,142.57500000000002,108.83
Février 2023,Jeudi 12h,131.825,108.83
Février 2023,Jeudi 13h,121.945,108.83
Février 2023,Jeudi 14h,122.0325,108.83
Février 2023,Jeudi 15h,126.445,108.83
Février 2023,Jeudi 16h,132.44,108.83
Février 2023,Jeudi 17h,147.8075,108.83
Février 2023,Jeudi 18h,157.17000000000002,108.83
Février 2023,Jeudi 19h,157.49,108.83
Février 2023,Jeudi 20h,152.825,108.83
Février 2023,Jeudi 21h,141.3275,108.83
Février 2023,Jeudi 22h,132.33499999999998,52.87
Février 2023,Jeudi 23h,123.19,52.87
Février 2023,Vendredi 0h,123.6075,52.87
Février 2023,Vendredi 1h,116.27,52.87
Février 2023,Vendredi 2h,117.75,52.87
Février 2023,Vendredi 3h,111.095,52.87
Février 2023,Vendredi 4h,109.355,52.87
Février 2023,Vendredi 5h,119.8225,52.87
Février 2023,Vendredi 6h,139.8675,52.87
Février 2023,Vendredi 7h,159.1125,108.83
Février 2023,Vendredi 8h,173.115,108.83
Février 2023,Vendredi 9h,162.0525,108.83
Février 2023,Vendredi 10h,151.3575,108.83
Février 2023,Vendredi 11h,138.195,108.83
Février 2023,Vendredi 12h,127.2525,108.83
Février 2023,Vendredi 13h,123.92,108.83
Février 2023,Vendredi 14h,128.7775,108.83
Février 2023,Vendredi 15h,122.21,108.83
Février 2023,Vendredi 16h,122.47749999999999,108.83
Février 2023,Vendredi 17h,141.31,108.83
Février 2023,Vendredi 18h,159.0975,108.83
Février 2023,Vendredi 19h,187.52,108.83
Février 2023,Vendredi 20h,169.1025,108.83
Février 2023,Vendredi 21h,150.0725,108.83
Février 2023,Vendredi 22h,142.7125,52.87
Février 2023,Vendredi 23h,139.625,52.87
Février 2023,Samedi 0h,97.4825,52.87
Février 2023,Samedi 1h,87.11500000000001,52.87
Février 2023,Samedi 2h,82.6675,52.87
Février 2023,Samedi 3h,71.34,52.87
Février 2023,Samedi 4h,67.175,52.87
Février 2023,Samedi 5h,67.6175,52.87
Février 2023,Samedi 6h,73.57,52.87
Février 2023,Samedi 7h,97.8475,108.83
Février 2023,Samedi 8h,106.445,108.83
Février 2023,Samedi 9h,106.345,108.83
Février 2023,Samedi 10h,94.7125,108.83
Février 2023,Samedi 11h,94.45,108.83
Février 2023,Samedi 12h,95.11,108.83
Février 2023,Samedi 13h,76.83250000000001,108.83
Février 2023,Samedi 14h,75.0175,108.83
Février 2023,Samedi 15h,81.1925,108.83
Février 2023,Samedi 16h,88.95,108.83
Février 2023,Samedi 17h,101.33500000000001,108.83
Février 2023,Samedi 18h,128.6275,108.83
Février 2023,Samedi 19h,135.9675,108.83
Février 2023,Samedi 20h,129.4125,108.83
Février 2023,Samedi 21h,117.5025,108.83
Février 2023,Samedi 22h,115.15,52.87
Février 2023,Samedi 23h,106.6125,52.87
Février 2023,Dimanche 0h,114.0025,52.87
Février 2023,Dimanche 1h,107.1625,52.87
Février 2023,Dimanche 2h,103.175,52.87
Février 2023,Dimanche 3h,96.5675,52.87
Février 2023,Dimanche 4h,95.0875,52.87
Février 2023,Dimanche 5h,98.365,52.87
Février 2023,Dimanche 6h,106.945,52.87
Février 2023,Dimanche 7h,115.0275,108.83
Février 2023,Dimanche 8h,126.64750000000001,108.83
Février 2023,Dimanche 9h,126.0375,108.83
Février 2023,Dimanche 10h,115.19999999999999,108.83
Février 2023,Dimanche 11h,110.935,108.83
Février 2023,Dimanche 12h,104.255,108.83
Février 2023,Dimanche 13h,92.5675,108.83
Février 2023,Dimanche 14h,91.2725,108.83
Février 2023,Dimanche 15h,99.5075,108.83
Février 2023,Dimanche 16h,109.13,108.83
Février 2023,Dimanche 17h,127.47999999999999,108.83
Février 2023,Dimanche 18h,143.8575,108.83
Février 2023,Dimanche 19h,143.9375,108.83
Février 2023,Dimanche 20h,143.2375,108.83
Février 2023,Dimanche 21h,135.55,108.83
Février 2023,Dimanche 22h,130.0025,52.87
Février 2023,Dimanche 23h,123.37,52.87
Mars 2023,Lundi 0h,88.1675,52.87
Mars 2023,Lundi 1h,81.8725,52.87
Mars 2023,Lundi 2h,77.9825,52.87
Mars 2023,Lundi 3h,72.0025,52.87
Mars 2023,Lundi 4h,66.565,52.87
Mars 2023,Lundi 5h,77.8375,52.87
Mars 2023,Lundi 6h,93.96000000000001,52.87
Mars 2023,Lundi 7h,114.1925,108.83
Mars 2023,Lundi 8h,116.8475,108.83
Mars 2023,Lundi 9h,101.625,108.83
Mars 2023,Lundi 10h,81.1325,108.83
Mars 2023,Lundi 11h,65.1025,108.83
Mars 2023,Lundi 12h,59.300000000000004,108.83
Mars 2023,Lundi 13h,52.11,108.83
Mars 2023,Lundi 14h,47.09,108.83
Mars 2023,Lundi 15h,53.33,108.83
Mars 2023,Lundi 16h,54.545,108.83
Mars 2023,Lundi 17h,83.36749999999999,108.83
Mars 2023,Lundi 18h,111.5275,108.83
Mars 2023,Lundi 19h,127.405,108.83
Mars 2023,Lundi 20h,124.605,108.83
Mars 2023,Lundi 21h,105.9475,108.83
Mars 2023,Lundi 22h,94.8575,52.87
Mars 2023,Lundi 23h,88.39500000000001,52.87
Mars 2023,Mardi 0h,82.0325,52.87
Mars 2023,Mardi 1h,70.0825,52.87
Mars 2023,Mardi 2h,63.6525,52.87
Mars 2023,Mardi 3h,58.050000000000004,52.87
Mars 2023,Mardi 4h,58.78,52.87
Mars 2023,Mardi 5h,74.88499999999999,52.87
Mars 2023,Mardi 6h,99.065,52.87
Mars 2023,Mardi 7h,127.72749999999999,108.83
Mars 2023,Mardi 8h,130.94,108.83
Mars 2023,Mardi 9h,109.19,108.83
Mars 2023,Mardi 10h,94.795,108.83
Mars 2023,Mardi 11h,85.105,108.83
Mars 2023,Mardi 12h,76.045,108.83
Mars 2023,Mardi 13h,75.3775,108.83
Mars 2023,Mardi 14h,72.9425,108.83
Mars 2023,Mardi 15h,69.84,108.83
Mars 2023,Mardi 16h,76.7525,108.83
Mars 2023,Mardi 17h,98.815,108.83
Mars 2023,Mardi 18h,128.53,108.83
Mars 2023,Mardi 19h,155.675,108.83
Mars 2023,Mardi 20h,150.8275,108.83
Mars 2023,Mardi 21h,132.41500000000002,108.83
Mars 2023,Mardi 22h,127.52250000000001,52.87
Mars 2023,Mardi 23h,117.025,52.87
Mars 2023,Mercredi 0h,92.59,52.87
Mars 2023,Mercredi 1h,85.13199999999999,52.87
Mars 2023,Mercredi 2h,83.864,52.87
Mars 2023,Mercredi 3h,82.47,52.87
Mars 2023,Mercredi 4h,80.53999999999999,52.87
Mars 2023,Mercredi 5h,87.286,52.87
Mars 2023,Mercredi 6h,106.854,52.87
Mars 2023,Mercredi 7h,128.636,108.83
Mars 2023,Mercredi 8h,138.14000000000001,108.83
Mars 2023,Mercredi 9h,128.038,108.83
Mars 2023,Mercredi 10h,114.44000000000001,108.83
Mars 2023,Mercredi 11h,107.426,108.83
Mars 2023,Mercredi 12h,101.784,108.83
Mars 2023,Mercredi 13h,96.532,108.83
Mars 2023,Mercredi 14h,94.536,108.83
Mars 2023,Mercredi 15h,97.196,108.83
Mars 2023,Mercredi 16h,102.43199999999999,108.83
Mars 2023,Mercredi 17h,117.106,108.83
Mars 2023,Mercredi 18h,135.672,108.83
Mars 2023,Mercredi 19h,149.55599999999998,108.83
Mars 2023,Mercredi 20h,136.33800000000002,108.83
Mars 2023,Mercredi 21h,120.26399999999998,108.83
Mars 2023,Mercredi 22h,112.918,52.87
Mars 2023,Mercredi 23h,98.546,52.87
Mars 2023,Jeudi 0h,101.99199999999999,52.87
Mars 2023,Jeudi 1h,96.974,52.87
Mars 2023,Jeudi 2h,90.724,52.87
Mars 2023,Jeudi 3h,84.228,52.87
Mars 2023,Jeudi 4h,82.038,52.87
Mars 2023,Jeudi 5h,86.5,52.87
Mars 2023,Jeudi 6h,103.72,52.87
Mars 2023,Jeudi 7h,121.14000000000001,108.83
Mars 2023,Jeudi 8h,124.33400000000002,108.83
Mars 2023,Jeudi 9h,110.29400000000001,108.83
Mars 2023,Jeudi 10h,95.562,108.83
Mars 2023,Jeudi 11h,81.104,108.83
Mars 2023,Jeudi 12h,69.434,108.83
Mars 2023,Jeudi 13h,58.153999999999996,108.83
Mars 2023,Jeudi 14h,56.866,108.83
Mars 2023,Jeudi 15h,63.35600000000001,108.83
Mars 2023,Jeudi 16h,83.076,108.83
Mars 2023,Jeudi 17h,107.596,108.83
Mars 2023,Jeudi 18h,123.718,108.83
Mars 2023,Jeudi 19h,137.08999999999997,108.83
Mars 2023,Jeudi 20h,127.15799999999999,108.83
Mars 2023,Jeudi 21h,112.67,108.83
Mars 2023,Jeudi 22h,109.674,52.87
Mars 2023,Jeudi 23h,100.084,52.87
Mars 2023,Vendredi 0h,89.33399999999999,52.87
Mars 2023,Vendredi 1h,76.55,52.87
Mars 2023,Vendredi 2h,72.82000000000001,52.87
Mars 2023,Vendredi 3h,65.488,52.87
Mars 2023,Vendredi 4h,56.976,52.87
Mars 2023,Vendredi 5h,64.434,52.87
Mars 2023,Vendredi 6h,89.598,52.87
Mars 2023,Vendredi 7h,113.104,108.83
Mars 2023,Vendredi 8h,118.22200000000001,108.83
Mars 2023,Vendredi 9h,107.55799999999999,108.83
Mars 2023,Vendredi 10h,96.936,108.83
Mars 2023,Vendredi 11h,82.518,108.83
Mars 2023,Vendredi 12h,66.574,108.83
Mars 2023,Vendredi 13h,55.936,108.83
Mars 2023,Vendredi 14h,60.572,108.83
Mars 2023,Vendredi 15h,60.226,108.83
Mars 2023,Vendredi 16h,59.129999999999995,108.83
Mars 2023,Vendredi 17h,93.97999999999999,108.83
Mars 2023,Vendredi 18h,118.30199999999999,108.83
Mars 2023,Vendredi 19h,136.01,108.83
Mars 2023,Vendredi 20h,131.25,108.83
Mars 2023,Vendredi 21h,112.34,108.83
Mars 2023,Vendredi 22h,104.91,52.87
Mars 2023,Vendredi 23h,98.824,52.87
Mars 2023,Samedi 0h,70.7825,52.87
Mars 2023,Samedi 1h,62.917500000000004,52.87
Mars 2023,Samedi 2h,58.73,52.87
Mars 2023,Samedi 3h,53.77,52.87
Mars 2023,Samedi 4h,52.470000000000006,52.87
Mars 2023,Samedi 5h,59.6275,52.87
Mars 2023,Samedi 6h,79.4825,52.87
Mars 2023,Samedi 7h,99.88000000000001,108.83
Mars 2023,Samedi 8h,104.08,108.83
Mars 2023,Samedi 9h,90.8825,108.83
Mars 2023,Samedi 10h,81.935,108.83
Mars 2023,Samedi 11h,69.88,108.83
Mars 2023,Samedi 12h,58.575,108.83
Mars 2023,Samedi 13h,58.4725,108.83
Mars 2023,Samedi 14h,56.152499999999996,108.83
Mars 2023,Samedi 15h,60.205,108.83
Mars 2023,Samedi 16h,67.6425,108.83
Mars 2023,Samedi 17h,86.38,108.83
Mars 2023,Samedi 18h,112.435,108.83
Mars 2023,Samedi 19h,125.42,108.83
Mars 2023,Samedi 20h,114.18,108.83
Mars 2023,Samedi 21h,101.8475,108.83
Mars 2023,Samedi 22h,93.5325,52.87
Mars 2023,Samedi 23h,80.4425,52.87
Mars 2023,Dimanche 0h,97.68,52.87
Mars 2023,Dimanche 1h,91.74,52.87
Mars 2023,Dimanche 2h,101.32,52.87
Mars 2023,Dimanche 3h,88.5175,52.87
Mars 2023,Dimanche 4h,83.35,52.87
Mars 2023,Dimanche 5h,84.36749999999999,52.87
Mars 2023,Dimanche 6h,88.785,52.87
Mars 2023,Dimanche 7h,97.3925,108.83
Mars 2023,Dimanche 8h,98.7775,108.83
Mars 2023,Dimanche 9h,98.0925,108.83
Mars 2023,Dimanche 10h,93.97,108.83
Mars 2023,Dimanche 11h,88.9,108.83
Mars 2023,Dimanche 12h,78.1425,108.83
Mars 2023,Dimanche 13h,75.49000000000001,108.83
Mars 2023,Dimanche 14h,76.99000000000001,108.83
Mars 2023,Dimanche 15h,76.97,108.83
Mars 2023,Dimanche 16h,81.09,108.83
Mars 2023,Dimanche 17h,104.4325,108.83
Mars 2023,Dimanche 18h,119.01,108.83
Mars 2023,Dimanche 19h,129.68,108.83
Mars 2023,Dimanche 20h,121.8675,108.83
Mars 2023,Dimanche 21h,115.7225,108.83
Mars 2023,Dimanche 22h,107.6075,52.87
Mars 2023,Dimanche 23h,99.7825,52.87
Avril 2023,Lundi 0h,104.89500000000001,52.87
Avril 2023,Lundi 1h,88.8175,52.87
Avril 2023,Lundi 2h,89.12,52.87
Avril 2023,Lundi 3h,85.325,52.87
Avril 2023,Lundi 4h,85.425,52.87
Avril 2023,Lundi 5h,96.4675,52.87
Avril 2023,Lundi 6h,122.245,52.87
Avril 2023,Lundi 7h,143.935,108.83
Avril 2023,Lundi 8h,151.6225,108.83
Avril 2023,Lundi 9h,137.0325,108.83
Avril 2023,Lundi 10h,117.6225,108.83
Avril 2023,Lundi 11h,107.375,108.83
Avril 2023,Lundi 12h,99.225,108.83
Avril 2023,Lundi 13h,89.8875,108.83
Avril 2023,Lundi 14h,86.89,108.83
Avril 2023,Lundi 15h,90.35249999999999,108.83
Avril 2023,Lundi 16h,97.33500000000001,108.83
Avril 2023,Lundi 17h,108.11,108.83
Avril 2023,Lundi 18h,128.5325,108.83
Avril 2023,Lundi 19h,151.0075,108.83
Avril 2023,Lundi 20h,142.2025,108.83
Avril 2023,Lundi 21h,129.755,108.83
Avril 2023,Lundi 22h,121.62,52.87
Avril 2023,Lundi 23h,113.30250000000001,52.87
Avril 2023,Mardi 0h,92.37,52.87
Avril 2023,Mardi 1h,85.67,52.87
Avril 2023,Mardi 2h,86.1125,52.87
Avril 2023,Mardi 3h,82.6975,52.87
Avril 2023,Mardi 4h,81.9675,52.87
Avril 2023,Mardi 5h,83.9825,52.87
Avril 2023,Mardi 6h,102.52,52.87
Avril 2023,Mardi 7h,120.0975,108.83
Avril 2023,Mardi 8h,129.33249999999998,108.83
Avril 2023,Mardi 9h,112.44,108.83
Avril 2023,Mardi 10h,90.43,108.83
Avril 2023,Mardi 11h,82.6425,108.83
Avril 2023,Mardi 12h,83.7625,108.83
Avril 2023,Mardi 13h,78.9325,108.83
Avril 2023,Mardi 14h,79.635,108.83
Avril 2023,Mardi 15h,79.815,108.83
Avril 2023,Mardi 16h,78.1825,108.83
Avril 2023,Mardi 17h,85.74000000000001,108.83
Avril 2023,Mardi 18h,105.5825,108.83
Avril 2023,Mardi 19h,121.905,108.83
Avril 2023,Mardi 20h,120.1575,108.83
Avril 2023,Mardi 21h,113.1175,108.83
Avril 2023,Mardi 22h,104.745,52.87
Avril 2023,Mardi 23h,92.05499999999999,52.87
Avril 2023,Mercredi 0h,98.8425,52.87
Avril 2023,Mercredi 1h,91.7175,52.87
Avril 2023,Mercredi 2h,90.5825,52.87
Avril 2023,Mercredi 3h,89.175,52.87
Avril 2023,Mercredi 4h,89.13,52.87
Avril 2023,Mercredi 5h,95.5025,52.87
Avril 2023,Mercredi 6h,109.7025,52.87
Avril 2023,Mercredi 7h,127.6925,108.83
Avril 2023,Mercredi 8h,132.3975,108.83
Avril 2023,Mercredi 9h,123.4025,108.83
Avril 2023,Mercredi 10h,113.24000000000001,108.83
Avril 2023,Mercredi 11h,106.0825,108.83
Avril 2023,Mercredi 12h,101.92750000000001,108.83
Avril 2023,Mercredi 13h,97.23,108.83
Avril 2023,Mercredi 14h,97.28,108.83
Avril 2023,Mercredi 15h,93.155,108.83
Avril 2023,Mercredi 16h,96.27250000000001,108.83
Avril 2023,Mercredi 17h,102.855,108.83
Avril 2023,Mercredi 18h,111.5775,108.83
Avril 2023,Mercredi 19h,125.345,108.83
Avril 2023,Mercredi 20h,130.3375,108.83
Avril 2023,Mercredi 21h,121.685,108.83
Avril 2023,Mercredi 22h,112.8075,52.87
Avril 2023,Mercredi 23h,102.23,52.87
Avril 2023,Jeudi 0h,96.4125,52.87
Avril 2023,Jeudi 1h,88.6375,52.87
Avril 2023,Jeudi 2h,86.79,52.87
Avril 2023,Jeudi 3h,83.47,52.87
Avril 2023,Jeudi 4h,83.845,52.87
Avril 2023,Jeudi 5h,90.48,52.87
Avril 2023,Jeudi 6h,106.10249999999999,52.87
Avril 2023,Jeudi 7h,119.97999999999999,108.83
Avril 2023,Jeudi 8h,120.745,108.83
Avril 2023,Jeudi 9h,102.75,108.83
Avril 2023,Jeudi 10h,79.88,108.83
Avril 2023,Jeudi 11h,76.1675,108.83
Avril 2023,Jeudi 12h,74.355,108.83
Avril 2023,Jeudi 13h,71.1425,108.83
Avril 2023,Jeudi 14h,62.08,108.83
Avril 2023,Jeudi 15h,69.0425,108.83
Avril 2023,Jeudi 16h,71.21000000000001,108.83
Avril 2023,Jeudi 17h,87.8725,108.83
Avril 2023,Jeudi 18h,114.6875,108.83
Avril 2023,Jeudi 19h,131.155,108.83
Avril 2023,Jeudi 20h,136.665,108.83
Avril 2023,Jeudi 21h,130.52,108.83
Avril 2023,Jeudi 22h,122.0125,52.87
Avril 2023,Jeudi 23h,112.1825,52.87
Avril 2023,Vendredi 0h,110.27,52.87
Avril 2023,Vendredi 1h,99.0625,52.87
Avril 2023,Vendredi 2h,99.35,52.87
Avril 2023,Vendredi 3h,93.32249999999999,52.87
Avril 2023,Vendredi 4h,94.51,52.87
Avril 2023,Vendredi 5h,105.455,52.87
Avril 2023,Vendredi 6h,124.02000000000001,52.87
Avril 2023,Vendredi 7h,139.23,108.83
Avril 2023,Vendredi 8h,140.615,108.83
Avril 2023,Vendredi 9h,132.3425,108.83
Avril 2023,Vendredi 10h,118.855,108.83
Avril 2023,Vendredi 11h,107.6,108.83
Avril 2023,Vendredi 12h,99.905,108.83
Avril 2023,Vendredi 13h,91.995,108.83
Avril 2023,Vendredi 14h,87.255,108.83
Avril 2023,Vendredi 15h,84.295,108.83
Avril 2023,Vendredi 16h,89.3325,108.83
Avril 2023,Vendredi 17h,100.52000000000001,108.83
Avril 2023,Vendredi 18h,122.5925,108.83
Avril 2023,Vendredi 19h,134.72,108.83
Avril 2023,Vendredi 20h,139.38,108.83
Avril 2023,Vendredi 21h,138.16,108.83
Avril 2023,Vendredi 22h,131.3675,52.87
Avril 2023,Vendredi 23h,118.24000000000001,52.87
Avril 2023,Samedi 0h,106.73400000000001,52.87
Avril 2023,Samedi 1h,95.716,52.87
Avril 2023,Samedi 2h,89.776,52.87
Avril 2023,Samedi 3h,80.34,52.87
Avril 2023,Samedi 4h,76.574,52.87
Avril 2023,Samedi 5h,80.372,52.87
Avril 2023,Samedi 6h,93.486,52.87
Avril 2023,Samedi 7h,104.02799999999999,108.83
Avril 2023,Samedi 8h,116.026,108.83
Avril 2023,Samedi 9h,109.66600000000001,108.83
Avril 2023,Samedi 10h,99.42999999999999,108.83
Avril 2023,Samedi 11h,89.514,108.83
Avril 2023,Samedi 12h,82.604,108.83
Avril 2023,Samedi 13h,77.76,108.83
Avril 2023,Samedi 14h,71.428,108.83
Avril 2023,Samedi 15h,74.174,108.83
Avril 2023,Samedi 16h,86.31,108.83
Avril 2023,Samedi 17h,99.712,108.83
Avril 2023,Samedi 18h,118.256,108.83
Avril 2023,Samedi 19h,131.342,108.83
Avril 2023,Samedi 20h,125.208,108.83
Avril 2023,Samedi 21h,121.338,108.83
Avril 2023,Samedi 22h,113.78,52.87
Avril 2023,Samedi 23h,106.83599999999998,52.87
Avril 2023,Dimanche 0h,111.98800000000001,52.87
Avril 2023,Dimanche 1h,103.822,52.87
Avril 2023,Dimanche 2h,99.228,52.87
Avril 2023,Dimanche 3h,91.988,52.87
Avril 2023,Dimanche 4h,89.328,52.87
Avril 2023,Dimanche 5h,91.65599999999999,52.87
Avril 2023,Dimanche 6h,101.454,52.87
Avril 2023,Dimanche 7h,109.95,108.83
Avril 2023,Dimanche 8h,112.68800000000002,108.83
Avril 2023,Dimanche 9h,106.76400000000001,108.83
Avril 2023,Dimanche 10h,95.08000000000001,108.83
Avril 2023,Dimanche 11h,85.076,108.83
Avril 2023,Dimanche 12h,82.868,108.83
Avril 2023,Dimanche 13h,67.542,108.83
Avril 2023,Dimanche 14h,64.1,108.83
Avril 2023,Dimanche 15h,69.422,108.83
Avril 2023,Dimanche 16h,81.524,108.83
Avril 2023,Dimanche 17h,104.606,108.83
Avril 2023,Dimanche 18h,120.806,108.83
Avril 2023,Dimanche 19h,129.924,108.83
Avril 2023,Dimanche 20h,134.878,108.83
Avril 2023,Dimanche 21h,132.54000000000002,108.83
Avril 2023,Dimanche 22h,124.272,52.87
Avril 2023,Dimanche 23h,114.902,52.87
Mai 2023,Lundi 0h,83.0,52.87
Mai 2023,Lundi 1h,75.14,52.87
Mai 2023,Lundi 2h,74.574,52.87
Mai 2023,Lundi 3h,62.076,52.87
Mai 2023,Lundi 4h,59.739999999999995,52.87
Mai 2023,Lundi 5h,66.204,52.87
Mai 2023,Lundi 6h,76.428,52.87
Mai 2023,Lundi 7h,97.24199999999999,108.83
Mai 2023,Lundi 8h,98.534,108.83
Mai 2023,Lundi 9h,88.828,108.83
Mai 2023,Lundi 10h,84.356,108.83
Mai 2023,Lundi 11h,78.99600000000001,108.83
Mai 2023,Lundi 12h,76.08200000000001,108.83
Mai 2023,Lundi 13h,71.348,108.83
Mai 2023,Lundi 14h,70.428,108.83
Mai 2023,Lundi 15h,58.948,108.83
Mai 2023,Lundi 16h,66.654,108.83
Mai 2023,Lundi 17h,74.856,108.83
Mai 2023,Lundi 18h,84.646,108.83
Mai 2023,Lundi 19h,102.43800000000002,108.83
Mai 2023,Lundi 20h,105.082,108.83
Mai 2023,Lundi 21h,102.048,108.83
Mai 2023,Lundi 22h,100.70599999999999,52.87
Mai 2023,Lundi 23h,92.55199999999999,52.87
Mai 2023,Mardi 0h,94.008,52.87
Mai 2023,Mardi 1h,84.65599999999999,52.87
Mai 2023,Mardi 2h,82.912,52.87
Mai 2023,Mardi 3h,72.892,52.87
Mai 2023,Mardi 4h,61.484,52.87
Mai 2023,Mardi 5h,76.806,52.87
Mai 2023,Mardi 6h,76.24199999999999,52.87
Mai 2023,Mardi 7h,110.418,108.83
Mai 2023,Mardi 8h,113.85799999999999,108.83
Mai 2023,Mardi 9h,101.748,108.83
Mai 2023,Mardi 10h,91.084,108.83
Mai 2023,Mardi 11h,85.342,108.83
Mai 2023,Mardi 12h,81.54400000000001,108.83
Mai 2023,Mardi 13h,72.634,108.83
Mai 2023,Mardi 14h,64.066,108.83
Mai 2023,Mardi 15h,57.077999999999996,108.83
Mai 2023,Mardi 16h,67.42,108.83
Mai 2023,Mardi 17h,90.51599999999999,108.83
Mai 2023,Mardi 18h,110.124,108.83
Mai 2023,Mardi 19h,126.096,108.83
Mai 2023,Mardi 20h,127.426,108.83
Mai 2023,Mardi 21h,118.792,108.83
Mai 2023,Mardi 22h,113.74000000000001,52.87
Mai 2023,Mardi 23h,104.21400000000001,52.87
Mai 2023,Mercredi 0h,95.562,52.87
Mai 2023,Mercredi 1h,87.792,52.87
Mai 2023,Mercredi 2h,88.28599999999999,52.87
Mai 2023,Mercredi 3h,80.01,52.87
Mai 2023,Mercredi 4h,81.442,52.87
Mai 2023,Mercredi 5h,87.716,52.87
Mai 2023,Mercredi 6h,96.684,52.87
Mai 2023,Mercredi 7h,112.64200000000001,108.83
Mai 2023,Mercredi 8h,116.15,108.83
Mai 2023,Mercredi 9h,107.502,108.83
Mai 2023,Mercredi 10h,90.736,108.83
Mai 2023,Mercredi 11h,81.482,108.83
Mai 2023,Mercredi 12h,73.86,108.83
Mai 2023,Mercredi 13h,64.732,108.83
Mai 2023,Mercredi 14h,61.884,108.83
Mai 2023,Mercredi 15h,62.824,108.83
Mai 2023,Mercredi 16h,72.65599999999999,108.83
Mai 2023,Mercredi 17h,90.056,108.83
Mai 2023,Mercredi 18h,106.65799999999999,108.83
Mai 2023,Mercredi 19h,124.828,108.83
Mai 2023,Mercredi 20h,128.796,108.83
Mai 2023,Mercredi 21h,112.684,108.83
Mai 2023,Mercredi 22h,112.742,52.87
Mai 2023,Mercredi 23h,105.67,52.87
Mai 2023,Jeudi 0h,83.6725,52.87
Mai 2023,Jeudi 1h,73.0975,52.87
Mai 2023,Jeudi 2h,72.8725,52.87
Mai 2023,Jeudi 3h,66.3525,52.87
Mai 2023,Jeudi 4h,67.72999999999999,52.87
Mai 2023,Jeudi 5h,71.0475,52.87
Mai 2023,Jeudi 6h,79.72999999999999,52.87
Mai 2023,Jeudi 7h,103.30250000000001,108.83
Mai 2023,Jeudi 8h,99.7925,108.83
Mai 2023,Jeudi 9h,84.6875,108.83
Mai 2023,Jeudi 10h,72.8275,108.83
Mai 2023,Jeudi 11h,64.16499999999999,108.83
Mai 2023,Jeudi 12h,58.114999999999995,108.83
Mai 2023,Jeudi 13h,45.6275,108.83
Mai 2023,Jeudi 14h,42.6875,108.83
Mai 2023,Jeudi 15h,47.955,108.83
Mai 2023,Jeudi 16h,65.725,108.83
Mai 2023,Jeudi 17h,82.4825,108.83
Mai 2023,Jeudi 18h,98.985,108.83
Mai 2023,Jeudi 19h,111.3575,108.83
Mai 2023,Jeudi 20h,113.135,108.83
Mai 2023,Jeudi 21h,99.8775,108.83
Mai 2023,Jeudi 22h,96.09,52.87
Mai 2023,Jeudi 23h,86.3125,52.87
Mai 2023,Vendredi 0h,90.87,52.87
Mai 2023,Vendredi 1h,82.3525,52.87
Mai 2023,Vendredi 2h,79.6275,52.87
Mai 2023,Vendredi 3h,76.685,52.87
Mai 2023,Vendredi 4h,74.68249999999999,52.87
Mai 2023,Vendredi 5h,81.1825,52.87
Mai 2023,Vendredi 6h,89.6675,52.87
Mai 2023,Vendredi 7h,106.2075,108.83
Mai 2023,Vendredi 8h,110.57,108.83
Mai 2023,Vendredi 9h,100.13,108.83
Mai 2023,Vendredi 10h,85.2475,108.83
Mai 2023,Vendredi 11h,76.3175,108.83
Mai 2023,Vendredi 12h,71.245,108.83
Mai 2023,Vendredi 13h,68.97749999999999,108.83
Mai 2023,Vendredi 14h,64.1225,108.83
Mai 2023,Vendredi 15h,67.5625,108.83
Mai 2023,Vendredi 16h,74.25,108.83
Mai 2023,Vendredi 17h,91.74249999999999,108.83
Mai 2023,Vendredi 18h,100.9225,108.83
Mai 2023,Vendredi 19h,109.53500000000001,108.83
Mai 2023,Vendredi 20h,112.525,108.83
Mai 2023,Vendredi 21h,107.26,108.83
Mai 2023,Vendredi 22h,106.5875,52.87
Mai 2023,Vendredi 23h,98.11500000000001,52.87
Mai 2023,Samedi 0h,88.02499999999999,52.87
Mai 2023,Samedi 1h,78.5175,52.87
Mai 2023,Samedi 2h,77.4875,52.87
Mai 2023,Samedi 3h,70.7725,52.87
Mai 2023,Samedi 4h,67.625,52.87
Mai 2023,Samedi 5h,68.17,52.87
Mai 2023,Samedi 6h,78.0775,52.87
Mai 2023,Samedi 7h,81.9625,108.83
Mai 2023,Samedi 8h,81.69749999999999,108.83
Mai 2023,Samedi 9h,67.4875,108.83
Mai 2023,Samedi 10h,43.935,108.83
Mai 2023,Samedi 11h,32.0875,108.83
Mai 2023,Samedi 12h,34.7275,108.83
Mai 2023,Samedi 13h,28.590000000000003,108.83
Mai 2023,Samedi 14h,19.0625,108.83
Mai 2023,Samedi 15h,18.7175,108.83
Mai 2023,Samedi 16h,26.805,108.83
Mai 2023,Samedi 17h,56.8825,108.83
Mai 2023,Samedi 18h,80.0525,108.83
Mai 2023,Samedi 19h,92.83,108.83
Mai 2023,Samedi 20h,100.615,108.83
Mai 2023,Samedi 21h,98.02250000000001,108.83
Mai 2023,Samedi 22h,96.47,52.87
Mai 2023,Samedi 23h,90.25,52.87
Mai 2023,Dimanche 0h,86.9175,52.87
Mai 2023,Dimanche 1h,77.7125,52.87
Mai 2023,Dimanche 2h,75.1725,52.87
Mai 2023,Dimanche 3h,60.965,52.87
Mai 2023,Dimanche 4h,63.515,52.87
Mai 2023,Dimanche 5h,61.3425,52.87
Mai 2023,Dimanche 6h,64.0625,52.87
Mai 2023,Dimanche 7h,65.2525,108.83
Mai 2023,Dimanche 8h,57.9375,108.83
Mai 2023,Dimanche 9h,34.86,108.83
Mai 2023,Dimanche 10h,24.43,108.83
Mai 2023,Dimanche 11h,14.6,108.83
Mai 2023,Dimanche 12h,13.96,108.83
Mai 2023,Dimanche 13h,-2.437500000000001,108.83
Mai 2023,Dimanche 14h,-3.982500000000001,108.83
Mai 2023,Dimanche 15h,0.2550000000000008,108.83
Mai 2023,Dimanche 16h,9.065000000000001,108.83
Mai 2023,Dimanche 17h,15.43,108.83
Mai 2023,Dimanche 18h,61.052499999999995,108.83
Mai 2023,Dimanche 19h,90.155,108.83
Mai 2023,Dimanche 20h,99.605,108.83
Mai 2023,Dimanche 21h,98.2475,108.83
Mai 2023,Dimanche 22h,96.4825,52.87
Mai 2023,Dimanche 23h,90.6325,52.87
Juin 2023,Lundi 0h,98.41499999999999,52.87
Juin 2023,Lundi 1h,94.0325,52.87
Juin 2023,Lundi 2h,89.03,52.87
Juin 2023,Lundi 3h,80.14,52.87
Juin 2023,Lundi 4h,82.69500000000001,52.87
Juin 2023,Lundi 5h,90.3,52.87
Juin 2023,Lundi 6h,96.98,52.87
Juin 2023,Lundi 7h,118.2225,108.83
Juin 2023,Lundi 8h,126.78999999999999,108.83
Juin 2023,Lundi 9h,119.16749999999999,108.83
Juin 2023,Lundi 10h,106.05250000000001,108.83
Juin 2023,Lundi 11h,100.225,108.83
Juin 2023,Lundi 12h,96.1425,108.83
Juin 2023,Lundi 13h,88.6875,108.83
Juin 2023,Lundi 14h,83.7775,108.83
Juin 2023,Lundi 15h,93.125,108.83
Juin 2023,Lundi 16h,102.01249999999999,108.83
Juin 2023,Lundi 17h,116.1125,108.83
Juin 2023,Lundi 18h,124.75,108.83
Juin 2023,Lundi 19h,132.85750000000002,108.83
Juin 2023,Lundi 20h,131.265,108.83
Juin 2023,Lundi 21h,125.0275,108.83
Juin 2023,Lundi 22h,120.71000000000001,52.87
Juin 2023,Lundi 23h,111.49,52.87
Juin 2023,Mardi 0h,100.97749999999999,52.87
Juin 2023,Mardi 1h,90.6725,52.87
Juin 2023,Mardi 2h,86.975,52.87
Juin 2023,Mardi 3h,83.555,52.87
Juin 2023,Mardi 4h,82.81,52.87
Juin 2023,Mardi 5h,86.82249999999999,52.87
Juin 2023,Mardi 6h,103.3125,52.87
Juin 2023,Mardi 7h,118.56,108.83
Juin 2023,Mardi 8h,124.0125,108.83
Juin 2023,Mardi 9h,107.785,108.83
Juin 2023,Mardi 10h,93.825,108.83
Juin 2023,Mardi 11h,89.9825,108.83
Juin 2023,Mardi 12h,85.0,108.83
Juin 2023,Mardi 13h,83.3275,108.83
Juin 2023,Mardi 14h,81.585,108.83
Juin 2023,Mardi 15h,81.42,108.83
Juin 2023,Mardi 16h,85.63250000000001,108.83
Juin 2023,Mardi 17h,95.9025,108.83
Juin 2023,Mardi 18h,111.455,108.83
Juin 2023,Mardi 19h,125.475,108.83
Juin 2023,Mardi 20h,130.4275,108.83
Juin 2023,Mardi 21h,123.155,108.83
Juin 2023,Mardi 22h,116.155,52.87
Juin 2023,Mardi 23h,106.16,52.87
Juin 2023,Mercredi 0h,101.3875,52.87
Juin 2023,Mercredi 1h,93.48,52.87
Juin 2023,Mercredi 2h,90.27000000000001,52.87
Juin 2023,Mercredi 3h,89.8375,52.87
Juin 2023,Mercredi 4h,90.185,52.87
Juin 2023,Mercredi 5h,96.2625,52.87
Juin 2023,Mercredi 6h,107.1675,52.87
Juin 2023,Mercredi 7h,124.8925,108.83
Juin 2023,Mercredi 8h,129.6275,108.83
Juin 2023,Mercredi 9h,113.475,108.83
Juin 2023,Mercredi 10h,100.115,108.83
Juin 2023,Mercredi 11h,94.52,108.83
Juin 2023,Mercredi 12h,94.8425,108.83
Juin 2023,Mercredi 13h,88.625,108.83
Juin 2023,Mercredi 14h,88.945,108.83
Juin 2023,Mercredi 15h,89.735,108.83
Juin 2023,Mercredi 16h,92.7725,108.83
Juin 2023,Mercredi 17h,104.6075,108.83
Juin 2023,Mercredi 18h,122.245,108.83
Juin 2023,Mercredi 19h,144.35000000000002,108.83
Juin 2023,Mercredi 20h,148.0075,108.83
Juin 2023,Mercredi 21h,137.625,108.83
Juin 2023,Mercredi 22h,131.3025,52.87
Juin 2023,Mercredi 23h,119.9675,52.87
Juin 2023,Jeudi 0h,108.138,52.87
Juin 2023,Jeudi 1h,91.782,52.87
Juin 2023,Jeudi 2h,86.874,52.87
Juin 2023,Jeudi 3h,78.14,52.87
Juin 2023,Jeudi 4h,76.688,52.87
Juin 2023,Jeudi 5h,78.61,52.87
Juin 2023,Jeudi 6h,88.342,52.87
Juin 2023,Jeudi 7h,106.71399999999998,108.83
Juin 2023,Jeudi 8h,109.494,108.83
Juin 2023,Jeudi 9h,100.41,108.83
Juin 2023,Jeudi 10h,93.604,108.83
Juin 2023,Jeudi 11h,90.616,108.83
Juin 2023,Jeudi 12h,85.48400000000001,108.83
Juin 2023,Jeudi 13h,81.966,108.83
Juin 2023,Jeudi 14h,84.856,108.83
Juin 2023,Jeudi 15h,87.178,108.83
Juin 2023,Jeudi 16h,89.36,108.83
Juin 2023,Jeudi 17h,102.26,108.83
Juin 2023,Jeudi 18h,116.072,108.83
Juin 2023,Jeudi 19h,126.894,108.83
Juin 2023,Jeudi 20h,127.71600000000001,108.83
Juin 2023,Jeudi 21h,124.28800000000001,108.83
Juin 2023,Jeudi 22h,121.54,52.87
Juin 2023,Jeudi 23h,108.646,52.87
Juin 2023,Vendredi 0h,115.824,52.87
Juin 2023,Vendredi 1h,109.886,52.87
Juin 2023,Vendredi 2h,105.69200000000001,52.87
Juin 2023,Vendredi 3h,100.786,52.87
Juin 2023,Vendredi 4h,100.256,52.87
Juin 2023,Vendredi 5h,105.39000000000001,52.87
Juin 2023,Vendredi 6h,120.94800000000001,52.87
Juin 2023,Vendredi 7h,145.13600000000002,108.83
Juin 2023,Vendredi 8h,147.342,108.83
Juin 2023,Vendredi 9h,132.274,108.83
Juin 2023,Vendredi 10h,120.05199999999999,108.83
Juin 2023,Vendredi 11h,112.9,108.83
Juin 2023,Vendredi 12h,107.05199999999999,108.83
Juin 2023,Vendredi 13h,103.36600000000001,108.83
Juin 2023,Vendredi 14h,101.3,108.83
Juin 2023,Vendredi 15h,103.648,108.83
Juin 2023,Vendredi 16h,110.566,108.83
Juin 2023,Vendredi 17h,119.604,108.83
Juin 2023,Vendredi 18h,139.28400000000002,108.83
Juin 2023,Vendredi 19h,158.028,108.83
Juin 2023,Vendredi 20h,156.494,108.83
Juin 2023,Vendredi 21h,141.122,108.83
Juin 2023,Vendredi 22h,131.588,52.87
Juin 2023,Vendredi 23h,123.848,52.87
Juin 2023,Samedi 0h,121.12,52.87
Juin 2023,Samedi 1h,116.77,52.87
Juin 2023,Samedi 2h,111.57249999999999,52.87
Juin 2023,Samedi 3h,106.9325,52.87
Juin 2023,Samedi 4h,101.49,52.87
Juin 2023,Samedi 5h,103.0325,52.87
Juin 2023,Samedi 6h,114.03,52.87
Juin 2023,Samedi 7h,126.42,108.83
Juin 2023,Samedi 8h,132.365,108.83
Juin 2023,Samedi 9h,120.80499999999999,108.83
Juin 2023,Samedi 10h,99.47749999999999,108.83
Juin 2023,Samedi 11h,80.875,108.83
Juin 2023,Samedi 12h,71.2175,108.83
Juin 2023,Samedi 13h,58.5325,108.83
Juin 2023,Samedi 14h,53.182500000000005,108.83
Juin 2023,Samedi 15h,64.6725,108.83
Juin 2023,Samedi 16h,81.9325,108.83
Juin 2023,Samedi 17h,107.975,108.83
Juin 2023,Samedi 18h,123.92999999999999,108.83
Juin 2023,Samedi 19h,139.19,108.83
Juin 2023,Samedi 20h,134.1825,108.83
Juin 2023,Samedi 21h,123.08250000000001,108.83
Juin 2023,Samedi 22h,125.52250000000001,52.87
Juin 2023,Samedi 23h,122.61,52.87
Juin 2023,Dimanche 0h,95.35,52.87
Juin 2023,Dimanche 1h,86.3725,52.87
Juin 2023,Dimanche 2h,80.9125,52.87
Juin 2023,Dimanche 3h,77.475,52.87
Juin 2023,Dimanche 4h,76.965,52.87
Juin 2023,Dimanche 5h,74.3075,52.87
Juin 2023,Dimanche 6h,92.0275,52.87
Juin 2023,Dimanche 7h,103.02,108.83
Juin 2023,Dimanche 8h,100.165,108.83
Juin 2023,Dimanche 9h,84.98,108.83
Juin 2023,Dimanche 10h,68.8075,108.83
Juin 2023,Dimanche 11h,62.135,108.83
Juin 2023,Dimanche 12h,55.364999999999995,108.83
Juin 2023,Dimanche 13h,50.955,108.83
Juin 2023,Dimanche 14h,53.595,108.83
Juin 2023,Dimanche 15h,64.52250000000001,108.83
Juin 2023,Dimanche 16h,76.9625,108.83
Juin 2023,Dimanche 17h,105.745,108.83
Juin 2023,Dimanche 18h,121.515,108.83
Juin 2023,Dimanche 19h,126.5925,108.83
Juin 2023,Dimanche 20h,121.9625,108.83
Juin 2023,Dimanche 21h,125.6225,108.83
Juin 2023,Dimanche 22h,123.05250000000001,52.87
Juin 2023,Dimanche 23h,112.1325,52.87
Juillet 2023,Lundi 0h,89.978,52.87
Juillet 2023,Lundi 1h,72.166,52.87
Juillet 2023,Lundi 2h,64.676,52.87
Juillet 2023,Lundi 3h,60.326,52.87
Juillet 2023,Lundi 4h,59.072,52.87
Juillet 2023,Lundi 5h,72.12,52.87
Juillet 2023,Lundi 6h,87.462,52.87
Juillet 2023,Lundi 7h,106.348,108.83
Juillet 2023,Lundi 8h,113.426,108.83
Juillet 2023,Lundi 9h,109.97,108.83
Juillet 2023,Lundi 10h,95.372,108.83
Juillet 2023,Lundi 11h,80.486,108.83
Juillet 2023,Lundi 12h,77.468,108.83
Juillet 2023,Lundi 13h,61.664,108.83
Juillet 2023,Lundi 14h,62.717999999999996,108.83
Juillet 2023,Lundi 15h,62.746,108.83
Juillet 2023,Lundi 16h,77.53,108.83
Juillet 2023,Lundi 17h,92.54400000000001,108.83
Juillet 2023,Lundi 18h,102.36,108.83
Juillet 2023,Lundi 19h,125.49600000000001,108.83
Juillet 2023,Lundi 20h,115.85799999999999,108.83
Juillet 2023,Lundi 21h,110.52000000000001,108.83
Juillet 2023,Lundi 22h,108.71,52.87
Juillet 2023,Lundi 23h,101.452,52.87
Juillet 2023,Mardi 0h,98.77,52.87
Juillet 2023,Mardi 1h,90.0025,52.87
Juillet 2023,Mardi 2h,86.81,52.87
Juillet 2023,Mardi 3h,81.5,52.87
Juillet 2023,Mardi 4h,78.5625,52.87
Juillet 2023,Mardi 5h,85.78,52.87
Juillet 2023,Mardi 6h,103.87,52.87
Juillet 2023,Mardi 7h,118.48,108.83
Juillet 2023,Mardi 8h,123.2475,108.83
Juillet 2023,Mardi 9h,114.78,108.83
Juillet 2023,Mardi 10h,103.6475,108.83
Juillet 2023,Mardi 11h,97.79249999999999,108.83
Juillet 2023,Mardi 12h,93.85,108.83
Juillet 2023,Mardi 13h,88.3275,108.83
Juillet 2023,Mardi 14h,90.2575,108.83
Juillet 2023,Mardi 15h,92.69,108.83
Juillet 2023,Mardi 16h,95.38,108.83
Juillet 2023,Mardi 17h,110.15,108.83
Juillet 2023,Mardi 18h,127.03,108.83
Juillet 2023,Mardi 19h,141.265,108.83
Juillet 2023,Mardi 20h,141.005,108.83
Juillet 2023,Mardi 21h,130.19,108.83
Juillet 2023,Mardi 22h,120.4975,52.87
Juillet 2023,Mardi 23h,108.555,52.87
Juillet 2023,Mercredi 0h,103.0125,52.87
Juillet 2023,Mercredi 1h,95.845,52.87
Juillet 2023,Mercredi 2h,92.5925,52.87
Juillet 2023,Mercredi 3h,84.965,52.87
Juillet 2023,Mercredi 4h,79.68,52.87
Juillet 2023,Mercredi 5h,85.21000000000001,52.87
Juillet 2023,Mercredi 6h,91.8075,52.87
Juillet 2023,Mercredi 7h,106.58000000000001,108.83
Juillet 2023,Mercredi 8h,112.49,108.83
Juillet 2023,Mercredi 9h,105.425,108.83
Juillet 2023,Mercredi 10h,94.38499999999999,108.83
Juillet 2023,Mercredi 11h,84.9625,108.83
Juillet 2023,Mercredi 12h,83.66999999999999,108.83
Juillet 2023,Mercredi 13h,76.5875,108.83
Juillet 2023,Mercredi 14h,68.8125,108.83
Juillet 2023,Mercredi 15h,66.32249999999999,108.83
Juillet 2023,Mercredi 16h,75.1125,108.83
Juillet 2023,Mercredi 17h,88.9375,108.83
Juillet 2023,Mercredi 18h,99.9725,108.83
Juillet 2023,Mercredi 19h,106.5175,108.83
Juillet 2023,Mercredi 20h,107.7025,108.83
Juillet 2023,Mercredi 21h,109.44,108.83
Juillet 2023,Mercredi 22h,107.5925,52.87
Juillet 2023,Mercredi 23h,96.22999999999999,52.87
Juillet 2023,Jeudi 0h,96.395,52.87
Juillet 2023,Jeudi 1h,86.6925,52.87
Juillet 2023,Jeudi 2h,79.84,52.87
Juillet 2023,Jeudi 3h,73.94749999999999,52.87
Juillet 2023,Jeudi 4h,71.6625,52.87
Juillet 2023,Jeudi 5h,77.815,52.87
Juillet 2023,Jeudi 6h,88.6975,52.87
Juillet 2023,Jeudi 7h,103.475,108.83
Juillet 2023,Jeudi 8h,110.3275,108.83
Juillet 2023,Jeudi 9h,100.11500000000001,108.83
Juillet 2023,Jeudi 10h,92.3975,108.83
Juillet 2023,Jeudi 11h,87.8725,108.83
Juillet 2023,Jeudi 12h,87.265,108.83
Juillet 2023,Jeudi 13h,81.6375,108.83
Juillet 2023,Jeudi 14h,76.685,108.83
Juillet 2023,Jeudi 15h,75.5,108.83
Juillet 2023,Jeudi 16h,77.625,108.83
Juillet 2023,Jeudi 17h,87.85249999999999,108.83
Juillet 2023,Jeudi 18h,99.36500000000001,108.83
Juillet 2023,Jeudi 19h,113.275,108.83
Juillet 2023,Jeudi 20h,124.1625,108.83
Juillet 2023,Jeudi 21h,120.0125,108.83
Juillet 2023,Jeudi 22h,115.625,52.87
Juillet 2023,Jeudi 23h,105.65,52.87
Juillet 2023,Vendredi 0h,101.28999999999999,52.87
Juillet 2023,Vendredi 1h,91.375,52.87
Juillet 2023,Vendredi 2h,87.065,52.87
Juillet 2023,Vendredi 3h,79.235,52.87
Juillet 2023,Vendredi 4h,76.25999999999999,52.87
Juillet 2023,Vendredi 5h,85.06,52.87
Juillet 2023,Vendredi 6h,85.42,52.87
Juillet 2023,Vendredi 7h,110.2,108.83
Juillet 2023,Vendredi 8h,107.7575,108.83
Juillet 2023,Vendredi 9h,96.955,108.83
Juillet 2023,Vendredi 10h,89.65,108.83
Juillet 2023,Vendredi 11h,84.7675,108.83
Juillet 2023,Vendredi 12h,81.1925,108.83
Juillet 2023,Vendredi 13h,73.56,108.83
Juillet 2023,Vendredi 14h,69.73750000000001,108.83
Juillet 2023,Vendredi 15h,67.4925,108.83
Juillet 2023,Vendredi 16h,69.9375,108.83
Juillet 2023,Vendredi 17h,76.0975,108.83
Juillet 2023,Vendredi 18h,85.66,108.83
Juillet 2023,Vendredi 19h,95.185,108.83
Juillet 2023,Vendredi 20h,108.7075,108.83
Juillet 2023,Vendredi 21h,108.81,108.83
Juillet 2023,Vendredi 22h,109.11749999999999,52.87
Juillet 2023,Vendredi 23h,95.92,52.87
Juillet 2023,Samedi 0h,85.45,52.87
Juillet 2023,Samedi 1h,78.942,52.87
Juillet 2023,Samedi 2h,70.042,52.87
Juillet 2023,Samedi 3h,57.036,52.87
Juillet 2023,Samedi 4h,56.568000000000005,52.87
Juillet 2023,Samedi 5h,63.775999999999996,52.87
Juillet 2023,Samedi 6h,67.638,52.87
Juillet 2023,Samedi 7h,75.474,108.83
Juillet 2023,Samedi 8h,80.81400000000001,108.83
Juillet 2023,Samedi 9h,73.74,108.83
Juillet 2023,Samedi 10h,60.322,108.83
Juillet 2023,Samedi 11h,50.186,108.83
Juillet 2023,Samedi 12h,50.038,108.83
Juillet 2023,Samedi 13h,36.96,108.83
Juillet 2023,Samedi 14h,37.634,108.83
Juillet 2023,Samedi 15h,37.26,108.83
Juillet 2023,Samedi 16h,44.67,108.83
Juillet 2023,Samedi 17h,59.83200000000001,108.83
Juillet 2023,Samedi 18h,75.202,108.83
Juillet 2023,Samedi 19h,91.098,108.83
Juillet 2023,Samedi 20h,98.944,108.83
Juillet 2023,Samedi 21h,90.608,108.83
Juillet 2023,Samedi 22h,88.826,52.87
Juillet 2023,Samedi 23h,79.774,52.87
Juillet 2023,Dimanche 0h,93.288,52.87
Juillet 2023,Dimanche 1h,81.296,52.87
Juillet 2023,Dimanche 2h,69.442,52.87
Juillet 2023,Dimanche 3h,62.774,52.87
Juillet 2023,Dimanche 4h,57.474000000000004,52.87
Juillet 2023,Dimanche 5h,59.464,52.87
Juillet 2023,Dimanche 6h,64.716,52.87
Juillet 2023,Dimanche 7h,72.67999999999999,108.83
Juillet 2023,Dimanche 8h,73.646,108.83
Juillet 2023,Dimanche 9h,58.67800000000001,108.83
Juillet 2023,Dimanche 10h,49.294,108.83
Juillet 2023,Dimanche 11h,44.870000000000005,108.83
Juillet 2023,Dimanche 12h,45.756,108.83
Juillet 2023,Dimanche 13h,38.656,108.83
Juillet 2023,Dimanche 14h,40.144,108.83
Juillet 2023,Dimanche 15h,42.656,108.83
Juillet 2023,Dimanche 16h,51.352,108.83
Juillet 2023,Dimanche 17h,70.002,108.83
Juillet 2023,Dimanche 18h,98.428,108.83
Juillet 2023,Dimanche 19h,127.31400000000001,108.83
Juillet 2023,Dimanche 20h,124.624,108.83
Juillet 2023,Dimanche 21h,121.114,108.83
Juillet 2023,Dimanche 22h,115.91600000000001,52.87
Juillet 2023,Dimanche 23h,105.248,52.87
Août 2023,Lundi 0h,100.8825,52.87
Août 2023,Lundi 1h,92.3675,52.87
Août 2023,Lundi 2h,89.00999999999999,52.87
Août 2023,Lundi 3h,80.435,52.87
Août 2023,Lundi 4h,73.635,52.87
Août 2023,Lundi 5h,83.135,52.87
Août 2023,Lundi 6h,94.3075,52.87
Août 2023,Lundi 7h,108.8275,108.83
Août 2023,Lundi 8h,112.0875,108.83
Août 2023,Lundi 9h,103.4,108.83
Août 2023,Lundi 10h,89.9,108.83
Août 2023,Lundi 11h,83.5975,108.83
Août 2023,Lundi 12h,78.9125,108.83
Août 2023,Lundi 13h,76.7225,108.83
Août 2023,Lundi 14h,73.535,108.83
Août 2023,Lundi 15h,71.02,108.83
Août 2023,Lundi 16h,79.7,108.83
Août 2023,Lundi 17h,95.5375,108.83
Août 2023,Lundi 18h,109.4225,108.83
Août 2023,Lundi 19h,128.36,108.83
Août 2023,Lundi 20h,133.9125,108.83
Août 2023,Lundi 21h,136.34,108.83
Août 2023,Lundi 22h,125.10499999999999,52.87
Août 2023,Lundi 23h,109.98,52.87
Août 2023,Mardi 0h,79.914,52.87
Août 2023,Mardi 1h,71.86800000000001,52.87
Août 2023,Mardi 2h,72.822,52.87
Août 2023,Mardi 3h,63.79599999999999,52.87
Août 2023,Mardi 4h,61.19199999999999,52.87
Août 2023,Mardi 5h,69.918,52.87
Août 2023,Mardi 6h,74.036,52.87
Août 2023,Mardi 7h,85.39,108.83
Août 2023,Mardi 8h,101.728,108.83
Août 2023,Mardi 9h,101.93199999999999,108.83
Août 2023,Mardi 10h,95.558,108.83
Août 2023,Mardi 11h,91.52000000000001,108.83
Août 2023,Mardi 12h,84.84,108.83
Août 2023,Mardi 13h,75.62,108.83
Août 2023,Mardi 14h,73.478,108.83
Août 2023,Mardi 15h,75.466,108.83
Août 2023,Mardi 16h,82.858,108.83
Août 2023,Mardi 17h,92.274,108.83
Août 2023,Mardi 18h,108.51399999999998,108.83
Août 2023,Mardi 19h,129.18599999999998,108.83
Août 2023,Mardi 20h,129.66799999999998,108.83
Août 2023,Mardi 21h,125.36399999999999,108.83
Août 2023,Mardi 22h,117.952,52.87
Août 2023,Mardi 23h,99.07000000000001,52.87
Août 2023,Mercredi 0h,115.078,52.87
Août 2023,Mercredi 1h,109.074,52.87
Août 2023,Mercredi 2h,105.806,52.87
Août 2023,Mercredi 3h,101.78399999999999,52.87
Août 2023,Mercredi 4h,96.232,52.87
Août 2023,Mercredi 5h,102.492,52.87
Août 2023,Mercredi 6h,125.154,52.87
Août 2023,Mercredi 7h,143.12199999999999,108.83
Août 2023,Mercredi 8h,150.144,108.83
Août 2023,Mercredi 9h,130.232,108.83
Août 2023,Mercredi 10h,118.52000000000001,108.83
Août 2023,Mercredi 11h,108.248,108.83
Août 2023,Mercredi 12h,104.056,108.83
Août 2023,Mercredi 13h,100.514,108.83
Août 2023,Mercredi 14h,100.29400000000001,108.83
Août 2023,Mercredi 15h,103.506,108.83
Août 2023,Mercredi 16h,109.48600000000002,108.83
Août 2023,Mercredi 17h,125.846,108.83
Août 2023,Mercredi 18h,156.044,108.83
Août 2023,Mercredi 19h,182.132,108.83
Août 2023,Mercredi 20h,176.542,108.83
Août 2023,Mercredi 21h,161.24200000000002,108.83
Août 2023,Mercredi 22h,139.172,52.87
Août 2023,Mercredi 23h,121.44000000000001,52.87
Août 2023,Jeudi 0h,109.63199999999999,52.87
Août 2023,Jeudi 1h,103.152,52.87
Août 2023,Jeudi 2h,100.702,52.87
Août 2023,Jeudi 3h,95.77799999999999,52.87
Août 2023,Jeudi 4h,90.726,52.87
Août 2023,Jeudi 5h,95.646,52.87
Août 2023,Jeudi 6h,110.43400000000001,52.87
Août 2023,Jeudi 7h,124.59,108.83
Août 2023,Jeudi 8h,135.754,108.83
Août 2023,Jeudi 9h,124.08,108.83
Août 2023,Jeudi 10h,112.15,108.83
Août 2023,Jeudi 11h,104.04400000000001,108.83
Août 2023,Jeudi 12h,100.688,108.83
Août 2023,Jeudi 13h,96.526,108.83
Août 2023,Jeudi 14h,96.59400000000001,108.83
Août 2023,Jeudi 15h,102.0,108.83
Août 2023,Jeudi 16h,106.69200000000001,108.83
Août 2023,Jeudi 17h,119.06800000000001,108.83
Août 2023,Jeudi 18h,141.08800000000002,108.83
Août 2023,Jeudi 19h,164.748,108.83
Août 2023,Jeudi 20h,160.906,108.83
Août 2023,Jeudi 21h,137.58,108.83
Août 2023,Jeudi 22h,123.2,52.87
Août 2023,Jeudi 23h,109.328,52.87
Août 2023,Vendredi 0h,107.16999999999999,52.87
Août 2023,Vendredi 1h,95.47749999999999,52.87
Août 2023,Vendredi 2h,96.1575,52.87
Août 2023,Vendredi 3h,87.76,52.87
Août 2023,Vendredi 4h,87.39,52.87
Août 2023,Vendredi 5h,92.5775,52.87
Août 2023,Vendredi 6h,105.65,52.87
Août 2023,Vendredi 7h,115.1125,108.83
Août 2023,Vendredi 8h,123.875,108.83
Août 2023,Vendredi 9h,115.465,108.83
Août 2023,Vendredi 10h,103.04249999999999,108.83
Août 2023,Vendredi 11h,96.3275,108.83
Août 2023,Vendredi 12h,90.8225,108.83
Août 2023,Vendredi 13h,88.2075,108.83
Août 2023,Vendredi 14h,88.4275,108.83
Août 2023,Vendredi 15h,93.2575,108.83
Août 2023,Vendredi 16h,95.3175,108.83
Août 2023,Vendredi 17h,106.3825,108.83
Août 2023,Vendredi 18h,113.2275,108.83
Août 2023,Vendredi 19h,126.765,108.83
Août 2023,Vendredi 20h,129.51749999999998,108.83
Août 2023,Vendredi 21h,123.83250000000001,108.83
Août 2023,Vendredi 22h,113.86500000000001,52.87
Août 2023,Vendredi 23h,99.95750000000001,52.87
Août 2023,Samedi 0h,97.975,52.87
Août 2023,Samedi 1h,87.28999999999999,52.87
Août 2023,Samedi 2h,79.66,52.87
Août 2023,Samedi 3h,73.0525,52.87
Août 2023,Samedi 4h,66.69749999999999,52.87
Août 2023,Samedi 5h,72.31,52.87
Août 2023,Samedi 6h,85.3625,52.87
Août 2023,Samedi 7h,95.6,108.83
Août 2023,Samedi 8h,101.4225,108.83
Août 2023,Samedi 9h,97.7325,108.83
Août 2023,Samedi 10h,91.38,108.83
Août 2023,Samedi 11h,81.33,108.83
Août 2023,Samedi 12h,77.8375,108.83
Août 2023,Samedi 13h,72.985,108.83
Août 2023,Samedi 14h,70.655,108.83
Août 2023,Samedi 15h,70.775,108.83
Août 2023,Samedi 16h,85.0475,108.83
Août 2023,Samedi 17h,98.36749999999999,108.83
Août 2023,Samedi 18h,107.07249999999999,108.83
Août 2023,Samedi 19h,116.085,108.83
Août 2023,Samedi 20h,119.3775,108.83
Août 2023,Samedi 21h,120.965,108.83
Août 2023,Samedi 22h,115.0625,52.87
Août 2023,Samedi 23h,104.4475,52.87
Août 2023,Dimanche 0h,100.10249999999999,52.87
Août 2023,Dimanche 1h,94.37,52.87
Août 2023,Dimanche 2h,89.575,52.87
Août 2023,Dimanche 3h,84.825,52.87
Août 2023,Dimanche 4h,82.00999999999999,52.87
Août 2023,Dimanche 5h,81.1,52.87
Août 2023,Dimanche 6h,85.1875,52.87
Août 2023,Dimanche 7h,88.82249999999999,108.83
Août 2023,Dimanche 8h,89.4975,108.83
Août 2023,Dimanche 9h,79.34,108.83
Août 2023,Dimanche 10h,67.7325,108.83
Août 2023,Dimanche 11h,55.3425,108.83
Août 2023,Dimanche 12h,49.945,108.83
Août 2023,Dimanche 13h,41.6175,108.83
Août 2023,Dimanche 14h,35.035,108.83
Août 2023,Dimanche 15h,36.44,108.83
Août 2023,Dimanche 16h,57.3925,108.83
Août 2023,Dimanche 17h,76.045,108.83
Août 2023,Dimanche 18h,94.045,108.83
Août 2023,Dimanche 19h,108.4975,108.83
Août 2023,Dimanche 20h,117.685,108.83
Août 2023,Dimanche 21h,121.91,108.83
Août 2023,Dimanche 22h,115.575,52.87
Août 2023,Dimanche 23h,104.985,52.87
Septembre 2023,Lundi 0h,81.105,52.87
Septembre 2023,Lundi 1h,72.04,52.87
Septembre 2023,Lundi 2h,69.635,52.87
Septembre 2023,Lundi 3h,65.5225,52.87
Septembre 2023,Lundi 4h,60.08,52.87
Septembre 2023,Lundi 5h,77.245,52.87
Septembre 2023,Lundi 6h,104.27,52.87
Septembre 2023,Lundi 7h,125.8775,108.83
Septembre 2023,Lundi 8h,130.33249999999998,108.83
Septembre 2023,Lundi 9h,112.6575,108.83
Septembre 2023,Lundi 10h,96.95,108.83
Septembre 2023,Lundi 11h,86.3275,108.83
Septembre 2023,Lundi 12h,78.1825,108.83
Septembre 2023,Lundi 13h,66.365,108.83
Septembre 2023,Lundi 14h,70.14500000000001,108.83
Septembre 2023,Lundi 15h,77.8025,108.83
Septembre 2023,Lundi 16h,80.155,108.83
Septembre 2023,Lundi 17h,93.85249999999999,108.83
Septembre 2023,Lundi 18h,120.22749999999999,108.83
Septembre 2023,Lundi 19h,130.3225,108.83
Septembre 2023,Lundi 20h,129.85750000000002,108.83
Septembre 2023,Lundi 21h,108.6575,108.83
Septembre 2023,Lundi 22h,101.405,52.87
Septembre 2023,Lundi 23h,88.74,52.87
Septembre 2023,Mardi 0h,76.6175,52.87
Septembre 2023,Mardi 1h,70.14999999999999,52.87
Septembre 2023,Mardi 2h,67.2475,52.87
Septembre 2023,Mardi 3h,65.435,52.87
Septembre 2023,Mardi 4h,61.95,52.87
Septembre 2023,Mardi 5h,66.9675,52.87
Septembre 2023,Mardi 6h,91.75,52.87
Septembre 2023,Mardi 7h,111.66749999999999,108.83
Septembre 2023,Mardi 8h,115.14,108.83
Septembre 2023,Mardi 9h,101.68,108.83
Septembre 2023,Mardi 10h,77.0775,108.83
Septembre 2023,Mardi 11h,72.8225,108.83
Septembre 2023,Mardi 12h,70.8725,108.83
Septembre 2023,Mardi 13h,67.7825,108.83
Septembre 2023,Mardi 14h,68.6875,108.83
Septembre 2023,Mardi 15h,60.4675,108.83
Septembre 2023,Mardi 16h,64.5475,108.83
Septembre 2023,Mardi 17h,88.7675,108.83
Septembre 2023,Mardi 18h,107.285,108.83
Septembre 2023,Mardi 19h,114.395,108.83
Septembre 2023,Mardi 20h,110.79,108.83
Septembre 2023,Mardi 21h,97.43249999999999,108.83
Septembre 2023,Mardi 22h,84.905,52.87
Septembre 2023,Mardi 23h,64.4875,52.87
Septembre 2023,Mercredi 0h,78.3275,52.87
Septembre 2023,Mercredi 1h,73.59,52.87
Septembre 2023,Mercredi 2h,70.02,52.87
Septembre 2023,Mercredi 3h,67.805,52.87
Septembre 2023,Mercredi 4h,63.175,52.87
Septembre 2023,Mercredi 5h,66.8825,52.87
Septembre 2023,Mercredi 6h,80.135,52.87
Septembre 2023,Mercredi 7h,113.46,108.83
Septembre 2023,Mercredi 8h,121.8275,108.83
Septembre 2023,Mercredi 9h,106.635,108.83
Septembre 2023,Mercredi 10h,75.4525,108.83
Septembre 2023,Mercredi 11h,67.9125,108.83
Septembre 2023,Mercredi 12h,64.58500000000001,108.83
Septembre 2023,Mercredi 13h,62.3275,108.83
Septembre 2023,Mercredi 14h,59.5025,108.83
Septembre 2023,Mercredi 15h,59.2325,108.83
Septembre 2023,Mercredi 16h,65.1975,108.83
Septembre 2023,Mercredi 17h,82.36,108.83
Septembre 2023,Mercredi 18h,102.505,108.83
Septembre 2023,Mercredi 19h,120.1875,108.83
Septembre 2023,Mercredi 20h,120.3725,108.83
Septembre 2023,Mercredi 21h,107.53,108.83
Septembre 2023,Mercredi 22h,96.875,52.87
Septembre 2023,Mercredi 23h,84.2425,52.87
Septembre 2023,Jeudi 0h,88.22749999999999,52.87
Septembre 2023,Jeudi 1h,74.64750000000001,52.87
Septembre 2023,Jeudi 2h,68.6625,52.87
Septembre 2023,Jeudi 3h,45.185,52.87
Septembre 2023,Jeudi 4h,47.2025,52.87
Septembre 2023,Jeudi 5h,65.5575,52.87
Septembre 2023,Jeudi 6h,93.08,52.87
Septembre 2023,Jeudi 7h,113.2125,108.83
Septembre 2023,Jeudi 8h,114.79249999999999,108.83
Septembre 2023,Jeudi 9h,102.95,108.83
Septembre 2023,Jeudi 10h,88.0775,108.83
Septembre 2023,Jeudi 11h,80.565,108.83
Septembre 2023,Jeudi 12h,77.3725,108.83
Septembre 2023,Jeudi 13h,73.1975,108.83
Septembre 2023,Jeudi 14h,78.1925,108.83
Septembre 2023,Jeudi 15h,82.5825,108.83
Septembre 2023,Jeudi 16h,92.935,108.83
Septembre 2023,Jeudi 17h,92.525,108.83
Septembre 2023,Jeudi 18h,110.53,108.83
Septembre 2023,Jeudi 19h,122.765,108.83
Septembre 2023,Jeudi 20h,134.445,108.83
Septembre 2023,Jeudi 21h,123.4975,108.83
Septembre 2023,Jeudi 22h,114.2475,52.87
Septembre 2023,Jeudi 23h,104.2025,52.87
Septembre 2023,Vendredi 0h,91.08,52.87
Septembre 2023,Vendredi 1h,82.768,52.87
Septembre 2023,Vendredi 2h,67.11,52.87
Septembre 2023,Vendredi 3h,51.416,52.87
Septembre 2023,Vendredi 4h,42.496,52.87
Septembre 2023,Vendredi 5h,62.092000000000006,52.87
Septembre 2023,Vendredi 6h,83.136,52.87
Septembre 2023,Vendredi 7h,124.928,108.83
Septembre 2023,Vendredi 8h,133.31199999999998,108.83
Septembre 2023,Vendredi 9h,121.25,108.83
Septembre 2023,Vendredi 10h,106.96199999999999,108.83
Septembre 2023,Vendredi 11h,102.93199999999999,108.83
Septembre 2023,Vendredi 12h,93.852,108.83
Septembre 2023,Vendredi 13h,85.174,108.83
Septembre 2023,Vendredi 14h,85.516,108.83
Septembre 2023,Vendredi 15h,94.388,108.83
Septembre 2023,Vendredi 16h,101.784,108.83
Septembre 2023,Vendredi 17h,111.36800000000001,108.83
Septembre 2023,Vendredi 18h,125.226,108.83
Septembre 2023,Vendredi 19h,135.41,108.83
Septembre 2023,Vendredi 20h,135.28,108.83
Septembre 2023,Vendredi 21h,122.224,108.83
Septembre 2023,Vendredi 22h,112.564,52.87
Septembre 2023,Vendredi 23h,101.83399999999999,52.87
Septembre 2023,Samedi 0h,113.458,52.87
Septembre 2023,Samedi 1h,108.936,52.87
Septembre 2023,Samedi 2h,103.622,52.87
Septembre 2023,Samedi 3h,98.096,52.87
Septembre 2023,Samedi 4h,91.432,52.87
Septembre 2023,Samedi 5h,99.542,52.87
Septembre 2023,Samedi 6h,110.23599999999999,52.87
Septembre 2023,Samedi 7h,112.734,108.83
Septembre 2023,Samedi 8h,129.1,108.83
Septembre 2023,Samedi 9h,129.39600000000002,108.83
Septembre 2023,Samedi 10h,108.05,108.83
Septembre 2023,Samedi 11h,92.42,108.83
Septembre 2023,Samedi 12h,79.592,108.83
Septembre 2023,Samedi 13h,61.04600000000001,108.83
Septembre 2023,Samedi 14h,57.715999999999994,108.83
Septembre 2023,Samedi 15h,84.87,108.83
Septembre 2023,Samedi 16h,96.75399999999999,108.83
Septembre 2023,Samedi 17h,107.83,108.83
Septembre 2023,Samedi 18h,135.23399999999998,108.83
Septembre 2023,Samedi 19h,153.534,108.83
Septembre 2023,Samedi 20h,145.31,108.83
Septembre 2023,Samedi 21h,128.962,108.83
Septembre 2023,Samedi 22h,121.048,52.87
Septembre 2023,Samedi 23h,114.35999999999999,52.87
Septembre 2023,Dimanche 0h,103.11749999999999,52.87
Septembre 2023,Dimanche 1h,97.8275,52.87
Septembre 2023,Dimanche 2h,89.685,52.87
Septembre 2023,Dimanche 3h,79.8275,52.87
Septembre 2023,Dimanche 4h,75.2225,52.87
Septembre 2023,Dimanche 5h,79.4025,52.87
Septembre 2023,Dimanche 6h,86.05499999999999,52.87
Septembre 2023,Dimanche 7h,96.31,108.83
Septembre 2023,Dimanche 8h,102.6625,108.83
Septembre 2023,Dimanche 9h,100.5925,108.83
Septembre 2023,Dimanche 10h,76.27250000000001,108.83
Septembre 2023,Dimanche 11h,68.9275,108.83
Septembre 2023,Dimanche 12h,60.565,108.83
Septembre 2023,Dimanche 13h,53.2025,108.83
Septembre 2023,Dimanche 14h,52.8025,108.83
Septembre 2023,Dimanche 15h,62.22,108.83
Septembre 2023,Dimanche 16h,67.9325,108.83
Septembre 2023,Dimanche 17h,89.325,108.83
Septembre 2023,Dimanche 18h,125.72250000000001,108.83
Septembre 2023,Dimanche 19h,154.2325,108.83
Septembre 2023,Dimanche 20h,145.095,108.83
Septembre 2023,Dimanche 21h,120.5575,108.83
Septembre 2023,Dimanche 22h,107.19,52.87
Septembre 2023,Dimanche 23h,97.03,52.87
Octobre 2023,Lundi 0h,96.024,52.87
Octobre 2023,Lundi 1h,92.696,52.87
Octobre 2023,Lundi 2h,91.09,52.87
Octobre 2023,Lundi 3h,87.28,52.87
Octobre 2023,Lundi 4h,82.672,52.87
Octobre 2023,Lundi 5h,89.512,52.87
Octobre 2023,Lundi 6h,114.936,52.87
Octobre 2023,Lundi 7h,136.00799999999998,108.83
Octobre 2023,Lundi 8h,146.672,108.83
Octobre 2023,Lundi 9h,136.97,108.83
Octobre 2023,Lundi 10h,115.24600000000001,108.83
Octobre 2023,Lundi 11h,99.214,108.83
Octobre 2023,Lundi 12h,92.584,108.83
Octobre 2023,Lundi 13h,89.884,108.83
Octobre 2023,Lundi 14h,93.01,108.83
Octobre 2023,Lundi 15h,105.124,108.83
Octobre 2023,Lundi 16h,124.776,108.83
Octobre 2023,Lundi 17h,139.482,108.83
Octobre 2023,Lundi 18h,157.204,108.83
Octobre 2023,Lundi 19h,171.20999999999998,108.83
Octobre 2023,Lundi 20h,144.592,108.83
Octobre 2023,Lundi 21h,131.384,108.83
Octobre 2023,Lundi 22h,127.894,52.87
Octobre 2023,Lundi 23h,114.752,52.87
Octobre 2023,Mardi 0h,104.37,52.87
Octobre 2023,Mardi 1h,98.346,52.87
Octobre 2023,Mardi 2h,94.736,52.87
Octobre 2023,Mardi 3h,89.78399999999999,52.87
Octobre 2023,Mardi 4h,89.158,52.87
Octobre 2023,Mardi 5h,90.728,52.87
Octobre 2023,Mardi 6h,111.424,52.87
Octobre 2023,Mardi 7h,132.82,108.83
Octobre 2023,Mardi 8h,145.676,108.83
Octobre 2023,Mardi 9h,135.974,108.83
Octobre 2023,Mardi 10h,123.176,108.83
Octobre 2023,Mardi 11h,114.798,108.83
Octobre 2023,Mardi 12h,108.54,108.83
Octobre 2023,Mardi 13h,102.02799999999999,108.83
Octobre 2023,Mardi 14h,102.458,108.83
Octobre 2023,Mardi 15h,102.64000000000001,108.83
Octobre 2023,Mardi 16h,106.9,108.83
Octobre 2023,Mardi 17h,124.564,108.83
Octobre 2023,Mardi 18h,142.06799999999998,108.83
Octobre 2023,Mardi 19h,146.57999999999998,108.83
Octobre 2023,Mardi 20h,124.372,108.83
Octobre 2023,Mardi 21h,110.174,108.83
Octobre 2023,Mardi 22h,107.106,52.87
Octobre 2023,Mardi 23h,97.224,52.87
Octobre 2023,Mercredi 0h,80.74249999999999,52.87
Octobre 2023,Mercredi 1h,68.535,52.87
Octobre 2023,Mercredi 2h,62.0925,52.87
Octobre 2023,Mercredi 3h,53.825,52.87
Octobre 2023,Mercredi 4h,41.6425,52.87
Octobre 2023,Mercredi 5h,55.8775,52.87
Octobre 2023,Mercredi 6h,76.0325,52.87
Octobre 2023,Mercredi 7h,92.71000000000001,108.83
Octobre 2023,Mercredi 8h,100.03,108.83
Octobre 2023,Mercredi 9h,100.49,108.83
Octobre 2023,Mercredi 10h,86.265,108.83
Octobre 2023,Mercredi 11h,78.155,108.83
Octobre 2023,Mercredi 12h,72.095,108.83
Octobre 2023,Mercredi 13h,67.64750000000001,108.83
Octobre 2023,Mercredi 14h,65.7125,108.83
Octobre 2023,Mercredi 15h,61.685,108.83
Octobre 2023,Mercredi 16h,61.730000000000004,108.83
Octobre 2023,Mercredi 17h,71.89,108.83
Octobre 2023,Mercredi 18h,105.445,108.83
Octobre 2023,Mercredi 19h,118.86,108.83
Octobre 2023,Mercredi 20h,109.12,108.83
Octobre 2023,Mercredi 21h,100.535,108.83
Octobre 2023,Mercredi 22h,95.9325,52.87
Octobre 2023,Mercredi 23h,78.3375,52.87
Octobre 2023,Jeudi 0h,58.307500000000005,52.87
Octobre 2023,Jeudi 1h,52.182500000000005,52.87
Octobre 2023,Jeudi 2h,48.99249999999999,52.87
Octobre 2023,Jeudi 3h,46.7525,52.87
Octobre 2023,Jeudi 4h,47.07,52.87
Octobre 2023,Jeudi 5h,51.510000000000005,52.87
Octobre 2023,Jeudi 6h,70.8625,52.87
Octobre 2023,Jeudi 7h,88.75999999999999,108.83
Octobre 2023,Jeudi 8h,109.2575,108.83
Octobre 2023,Jeudi 9h,113.13,108.83
Octobre 2023,Jeudi 10h,109.9025,108.83
Octobre 2023,Jeudi 11h,101.5975,108.83
Octobre 2023,Jeudi 12h,102.34,108.83
Octobre 2023,Jeudi 13h,92.1825,108.83
Octobre 2023,Jeudi 14h,95.11,108.83
Octobre 2023,Jeudi 15h,90.3625,108.83
Octobre 2023,Jeudi 16h,81.645,108.83
Octobre 2023,Jeudi 17h,86.88499999999999,108.83
Octobre 2023,Jeudi 18h,116.5075,108.83
Octobre 2023,Jeudi 19h,122.09,108.83
Octobre 2023,Jeudi 20h,109.5575,108.83
Octobre 2023,Jeudi 21h,98.3125,108.83
Octobre 2023,Jeudi 22h,95.0125,52.87
Octobre 2023,Jeudi 23h,88.7575,52.87
Octobre 2023,Vendredi 0h,98.7925,52.87
Octobre 2023,Vendredi 1h,86.4575,52.87
Octobre 2023,Vendredi 2h,77.6475,52.87
Octobre 2023,Vendredi 3h,67.6225,52.87
Octobre 2023,Vendredi 4h,56.4525,52.87
Octobre 2023,Vendredi 5h,65.30250000000001,52.87
Octobre 2023,Vendredi 6h,87.485,52.87
Octobre 2023,Vendredi 7h,110.16,108.83
Octobre 2023,Vendredi 8h,124.2025,108.83
Octobre 2023,Vendredi 9h,119.6375,108.83
Octobre 2023,Vendredi 10h,97.3775,108.83
Octobre 2023,Vendredi 11h,80.6825,108.83
Octobre 2023,Vendredi 12h,63.730000000000004,108.83
Octobre 2023,Vendredi 13h,54.0875,108.83
Octobre 2023,Vendredi 14h,43.475,108.83
Octobre 2023,Vendredi 15h,48.41,108.83
Octobre 2023,Vendredi 16h,45.6075,108.83
Octobre 2023,Vendredi 17h,81.24000000000001,108.83
Octobre 2023,Vendredi 18h,105.64500000000001,108.83
Octobre 2023,Vendredi 19h,111.73249999999999,108.83
Octobre 2023,Vendredi 20h,90.315,108.83
Octobre 2023,Vendredi 21h,72.645,108.83
Octobre 2023,Vendredi 22h,68.6225,52.87
Octobre 2023,Vendredi 23h,59.2275,52.87
Octobre 2023,Samedi 0h,63.177499999999995,52.87
Octobre 2023,Samedi 1h,52.15,52.87
Octobre 2023,Samedi 2h,49.7,52.87
Octobre 2023,Samedi 3h,42.995,52.87
Octobre 2023,Samedi 4h,38.915,52.87
Octobre 2023,Samedi 5h,38.9025,52.87
Octobre 2023,Samedi 6h,51.71,52.87
Octobre 2023,Samedi 7h,60.3625,108.83
Octobre 2023,Samedi 8h,75.1575,108.83
Octobre 2023,Samedi 9h,74.4925,108.83
Octobre 2023,Samedi 10h,68.1375,108.83
Octobre 2023,Samedi 11h,55.78,108.83
Octobre 2023,Samedi 12h,48.04,108.83
Octobre 2023,Samedi 13h,39.325,108.83
Octobre 2023,Samedi 14h,33.405,108.83
Octobre 2023,Samedi 15h,35.5225,108.83
Octobre 2023,Samedi 16h,32.28,108.83
Octobre 2023,Samedi 17h,63.2575,108.83
Octobre 2023,Samedi 18h,103.14750000000001,108.83
Octobre 2023,Samedi 19h,121.5425,108.83
Octobre 2023,Samedi 20h,110.94,108.83
Octobre 2023,Samedi 21h,86.2425,108.83
Octobre 2023,Samedi 22h,82.44,52.87
Octobre 2023,Samedi 23h,68.94749999999999,52.87
Octobre 2023,Dimanche 0h,57.870000000000005,52.87
Octobre 2023,Dimanche 1h,47.808,52.87
Octobre 2023,Dimanche 2h,41.86,52.87
Octobre 2023,Dimanche 3h,39.058,52.87
Octobre 2023,Dimanche 4h,37.716,52.87
Octobre 2023,Dimanche 5h,48.233999999999995,52.87
Octobre 2023,Dimanche 6h,55.162,52.87
Octobre 2023,Dimanche 7h,70.276,108.83
Octobre 2023,Dimanche 8h,76.986,108.83
Octobre 2023,Dimanche 9h,78.25800000000001,108.83
Octobre 2023,Dimanche 10h,69.058,108.83
Octobre 2023,Dimanche 11h,59.525999999999996,108.83
Octobre 2023,Dimanche 12h,60.931999999999995,108.83
Octobre 2023,Dimanche 13h,51.964,108.83
Octobre 2023,Dimanche 14h,54.698,108.83
Octobre 2023,Dimanche 15h,61.124,108.83
Octobre 2023,Dimanche 16h,66.058,108.83
Octobre 2023,Dimanche 17h,90.264,108.83
Octobre 2023,Dimanche 18h,114.88400000000001,108.83
Octobre 2023,Dimanche 19h,122.20599999999999,108.83
Octobre 2023,Dimanche 20h,118.37,108.83
Octobre 2023,Dimanche 21h,104.638,108.83
Octobre 2023,Dimanche 22h,95.914,52.87
Octobre 2023,Dimanche 23h,78.362,52.87
Novembre 2023,Lundi 0h,86.59,52.87
Novembre 2023,Lundi 1h,80.315,52.87
Novembre 2023,Lundi 2h,76.705,52.87
Novembre 2023,Lundi 3h,69.185,52.87
Novembre 2023,Lundi 4h,65.975,52.87
Novembre 2023,Lundi 5h,73.7875,52.87
Novembre 2023,Lundi 6h,81.2775,52.87
Novembre 2023,Lundi 7h,97.9175,108.83
Novembre 2023,Lundi 8h,100.86,108.83
Novembre 2023,Lundi 9h,89.92750000000001,108.83
Novembre 2023,Lundi 10h,86.46000000000001,108.83
Novembre 2023,Lundi 11h,84.3275,108.83
Novembre 2023,Lundi 12h,76.205,108.83
Novembre 2023,Lundi 13h,74.14999999999999,108.83
Novembre 2023,Lundi 14h,73.155,108.83
Novembre 2023,Lundi 15h,66.5,108.83
Novembre 2023,Lundi 16h,68.6925,108.83
Novembre 2023,Lundi 17h,89.185,108.83
Novembre 2023,Lundi 18h,111.68,108.83
Novembre 2023,Lundi 19h,115.4725,108.83
Novembre 2023,Lundi 20h,108.2825,108.83
Novembre 2023,Lundi 21h,96.445,108.83
Novembre 2023,Lundi 22h,93.74000000000001,52.87
Novembre 2023,Lundi 23h,83.07249999999999,52.87
Novembre 2023,Mardi 0h,79.3475,52.87
Novembre 2023,Mardi 1h,71.185,52.87
Novembre 2023,Mardi 2h,67.4425,52.87
Novembre 2023,Mardi 3h,62.16,52.87
Novembre 2023,Mardi 4h,59.5475,52.87
Novembre 2023,Mardi 5h,65.8725,52.87
Novembre 2023,Mardi 6h,92.325,52.87
Novembre 2023,Mardi 7h,112.5475,108.83
Novembre 2023,Mardi 8h,116.265,108.83
Novembre 2023,Mardi 9h,114.2025,108.83
Novembre 2023,Mardi 10h,111.42250000000001,108.83
Novembre 2023,Mardi 11h,110.35249999999999,108.83
Novembre 2023,Mardi 12h,109.1475,108.83
Novembre 2023,Mardi 13h,107.91,108.83
Novembre 2023,Mardi 14h,109.7075,108.83
Novembre 2023,Mardi 15h,110.805,108.83
Novembre 2023,Mardi 16h,114.935,108.83
Novembre 2023,Mardi 17h,131.3275,108.83
Novembre 2023,Mardi 18h,139.5,108.83
Novembre 2023,Mardi 19h,133.7125,108.83
Novembre 2023,Mardi 20h,123.2675,108.83
Novembre 2023,Mardi 21h,114.1375,108.83
Novembre 2023,Mardi 22h,110.83500000000001,52.87
Novembre 2023,Mardi 23h,99.0825,52.87
Novembre 2023,Mercredi 0h,79.192,52.87
Novembre 2023,Mercredi 1h,74.65,52.87
Novembre 2023,Mercredi 2h,73.05199999999999,52.87
Novembre 2023,Mercredi 3h,66.85,52.87
Novembre 2023,Mercredi 4h,66.114,52.87
Novembre 2023,Mercredi 5h,71.546,52.87
Novembre 2023,Mercredi 6h,96.444,52.87
Novembre 2023,Mercredi 7h,116.08,108.83
Novembre 2023,Mercredi 8h,132.23,108.83
Novembre 2023,Mercredi 9h,125.806,108.83
Novembre 2023,Mercredi 10h,113.564,108.83
Novembre 2023,Mercredi 11h,106.48200000000001,108.83
Novembre 2023,Mercredi 12h,101.34,108.83
Novembre 2023,Mercredi 13h,97.01599999999999,108.83
Novembre 2023,Mercredi 14h,101.99199999999999,108.83
Novembre 2023,Mercredi 15h,109.91199999999999,108.83
Novembre 2023,Mercredi 16h,127.492,108.83
Novembre 2023,Mercredi 17h,147.296,108.83
Novembre 2023,Mercredi 18h,151.158,108.83
Novembre 2023,Mercredi 19h,138.696,108.83
Novembre 2023,Mercredi 20h,127.64200000000001,108.83
Novembre 2023,Mercredi 21h,112.20599999999999,108.83
Novembre 2023,Mercredi 22h,106.47999999999999,52.87
Novembre 2023,Mercredi 23h,92.09,52.87
Novembre 2023,Jeudi 0h,103.83800000000001,52.87
Novembre 2023,Jeudi 1h,96.88,52.87
Novembre 2023,Jeudi 2h,94.288,52.87
Novembre 2023,Jeudi 3h,85.736,52.87
Novembre 2023,Jeudi 4h,83.77000000000001,52.87
Novembre 2023,Jeudi 5h,95.48599999999999,52.87
Novembre 2023,Jeudi 6h,112.38399999999999,52.87
Novembre 2023,Jeudi 7h,140.608,108.83
Novembre 2023,Jeudi 8h,152.124,108.83
Novembre 2023,Jeudi 9h,151.93,108.83
Novembre 2023,Jeudi 10h,138.66,108.83
Novembre 2023,Jeudi 11h,133.51399999999998,108.83
Novembre 2023,Jeudi 12h,123.388,108.83
Novembre 2023,Jeudi 13h,117.90599999999999,108.83
Novembre 2023,Jeudi 14h,117.042,108.83
Novembre 2023,Jeudi 15h,116.6,108.83
Novembre 2023,Jeudi 16h,127.51399999999998,108.83
Novembre 2023,Jeudi 17h,153.56,108.83
Novembre 2023,Jeudi 18h,171.99,108.83
Novembre 2023,Jeudi 19h,170.73200000000003,108.83
Novembre 2023,Jeudi 20h,145.868,108.83
Novembre 2023,Jeudi 21h,127.99600000000001,108.83
Novembre 2023,Jeudi 22h,118.66599999999998,52.87
Novembre 2023,Jeudi 23h,104.204,52.87
Novembre 2023,Vendredi 0h,84.63250000000001,52.87
Novembre 2023,Vendredi 1h,66.795,52.87
Novembre 2023,Vendredi 2h,61.8375,52.87
Novembre 2023,Vendredi 3h,50.377500000000005,52.87
Novembre 2023,Vendredi 4h,53.9125,52.87
Novembre 2023,Vendredi 5h,66.125,52.87
Novembre 2023,Vendredi 6h,101.8025,52.87
Novembre 2023,Vendredi 7h,122.1575,108.83
Novembre 2023,Vendredi 8h,134.5775,108.83
Novembre 2023,Vendredi 9h,125.2725,108.83
Novembre 2023,Vendredi 10h,111.11,108.83
Novembre 2023,Vendredi 11h,106.27000000000001,108.83
Novembre 2023,Vendredi 12h,98.5775,108.83
Novembre 2023,Vendredi 13h,81.43,108.83
Novembre 2023,Vendredi 14h,84.8925,108.83
Novembre 2023,Vendredi 15h,87.57,108.83
Novembre 2023,Vendredi 16h,100.0025,108.83
Novembre 2023,Vendredi 17h,123.38749999999999,108.83
Novembre 2023,Vendredi 18h,135.1625,108.83
Novembre 2023,Vendredi 19h,137.2475,108.83
Novembre 2023,Vendredi 20h,121.37,108.83
Novembre 2023,Vendredi 21h,107.8625,108.83
Novembre 2023,Vendredi 22h,109.5975,52.87
Novembre 2023,Vendredi 23h,106.4275,52.87
Novembre 2023,Samedi 0h,74.8775,52.87
Novembre 2023,Samedi 1h,64.6775,52.87
Novembre 2023,Samedi 2h,62.375,52.87
Novembre 2023,Samedi 3h,60.445,52.87
Novembre 2023,Samedi 4h,60.2925,52.87
Novembre 2023,Samedi 5h,69.6225,52.87
Novembre 2023,Samedi 6h,87.12,52.87
Novembre 2023,Samedi 7h,99.5325,108.83
Novembre 2023,Samedi 8h,107.105,108.83
Novembre 2023,Samedi 9h,101.0775,108.83
Novembre 2023,Samedi 10h,97.0675,108.83
Novembre 2023,Samedi 11h,88.3175,108.83
Novembre 2023,Samedi 12h,90.3125,108.83
Novembre 2023,Samedi 13h,86.82249999999999,108.83
Novembre 2023,Samedi 14h,86.35,108.83
Novembre 2023,Samedi 15h,89.88499999999999,108.83
Novembre 2023,Samedi 16h,92.565,108.83
Novembre 2023,Samedi 17h,110.7975,108.83
Novembre 2023,Samedi 18h,126.3725,108.83
Novembre 2023,Samedi 19h,127.0875,108.83
Novembre 2023,Samedi 20h,122.76,108.83
Novembre 2023,Samedi 21h,110.315,108.83
Novembre 2023,Samedi 22h,103.96000000000001,52.87
Novembre 2023,Samedi 23h,93.285,52.87
Novembre 2023,Dimanche 0h,66.88,52.87
Novembre 2023,Dimanche 1h,56.835,52.87
Novembre 2023,Dimanche 2h,54.769999999999996,52.87
Novembre 2023,Dimanche 3h,49.165,52.87
Novembre 2023,Dimanche 4h,48.5775,52.87
Novembre 2023,Dimanche 5h,56.325,52.87
Novembre 2023,Dimanche 6h,69.99000000000001,52.87
Novembre 2023,Dimanche 7h,89.5675,108.83
Novembre 2023,Dimanche 8h,98.0475,108.83
Novembre 2023,Dimanche 9h,92.8825,108.83
Novembre 2023,Dimanche 10h,85.69749999999999,108.83
Novembre 2023,Dimanche 11h,83.4825,108.83
Novembre 2023,Dimanche 12h,78.89750000000001,108.83
Novembre 2023,Dimanche 13h,73.92,108.83
Novembre 2023,Dimanche 14h,81.2225,108.83
Novembre 2023,Dimanche 15h,91.6075,108.83
Novembre 2023,Dimanche 16h,103.4675,108.83
Novembre 2023,Dimanche 17h,116.955,108.83
Novembre 2023,Dimanche 18h,127.0325,108.83
Novembre 2023,Dimanche 19h,129.78,108.83
Novembre 2023,Dimanche 20h,118.0625,108.83
Novembre 2023,Dimanche 21h,106.835,108.83
Novembre 2023,Dimanche 22h,104.4075,52.87
Novembre 2023,Dimanche 23h,92.99,52.87
Décembre 2023,Lundi 0h,63.6025,52.87
Décembre 2023,Lundi 1h,57.065,52.87
Décembre 2023,Lundi 2h,53.4675,52.87
Décembre 2023,Lundi 3h,45.375,52.87
Décembre 2023,Lundi 4h,38.4125,52.87
Décembre 2023,Lundi 5h,52.9475,52.87
Décembre 2023,Lundi 6h,65.3375,52.87
Décembre 2023,Lundi 7h,75.0925,108.83
Décembre 2023,Lundi 8h,81.89,108.83
Décembre 2023,Lundi 9h,81.7875,108.83
Décembre 2023,Lundi 10h,74.74,108.83
Décembre 2023,Lundi 11h,68.9925,108.83
Décembre 2023,Lundi 12h,65.9475,108.83
Décembre 2023,Lundi 13h,61.8825,108.83
Décembre 2023,Lundi 14h,63.245000000000005,108.83
Décembre 2023,Lundi 15h,69.1775,108.83
Décembre 2023,Lundi 16h,73.435,108.83
Décembre 2023,Lundi 17h,74.1625,108.83
Décembre 2023,Lundi 18h,91.3,108.83
Décembre 2023,Lundi 19h,87.575,108.83
Décembre 2023,Lundi 20h,75.195,108.83
Décembre 2023,Lundi 21h,77.845,108.83
Décembre 2023,Lundi 22h,74.4225,52.87
Décembre 2023,Lundi 23h,66.3775,52.87
Décembre 2023,Mardi 0h,66.2825,52.87
Décembre 2023,Mardi 1h,62.8775,52.87
Décembre 2023,Mardi 2h,62.885000000000005,52.87
Décembre 2023,Mardi 3h,57.5625,52.87
Décembre 2023,Mardi 4h,56.002500000000005,52.87
Décembre 2023,Mardi 5h,59.1275,52.87
Décembre 2023,Mardi 6h,69.13,52.87
Décembre 2023,Mardi 7h,79.3775,108.83
Décembre 2023,Mardi 8h,86.8575,108.83
Décembre 2023,Mardi 9h,83.5975,108.83
Décembre 2023,Mardi 10h,72.705,108.83
Décembre 2023,Mardi 11h,69.435,108.83
Décembre 2023,Mardi 12h,64.87,108.83
Décembre 2023,Mardi 13h,58.6225,108.83
Décembre 2023,Mardi 14h,64.44,108.83
Décembre 2023,Mardi 15h,71.4425,108.83
Décembre 2023,Mardi 16h,81.4575,108.83
Décembre 2023,Mardi 17h,89.3375,108.83
Décembre 2023,Mardi 18h,92.9575,108.83
Décembre 2023,Mardi 19h,90.1925,108.83
Décembre 2023,Mardi 20h,85.845,108.83
Décembre 2023,Mardi 21h,79.81,108.83
Décembre 2023,Mardi 22h,78.645,52.87
Décembre 2023,Mardi 23h,74.5025,52.87
Décembre 2023,Mercredi 0h,71.975,52.87
Décembre 2023,Mercredi 1h,66.84,52.87
Décembre 2023,Mercredi 2h,65.87,52.87
Décembre 2023,Mercredi 3h,61.025,52.87
Décembre 2023,Mercredi 4h,60.042500000000004,52.87
Décembre 2023,Mercredi 5h,66.3775,52.87
Décembre 2023,Mercredi 6h,75.95,52.87
Décembre 2023,Mercredi 7h,90.055,108.83
Décembre 2023,Mercredi 8h,93.2775,108.83
Décembre 2023,Mercredi 9h,93.75750000000001,108.83
Décembre 2023,Mercredi 10h,85.1225,108.83
Décembre 2023,Mercredi 11h,83.1175,108.83
Décembre 2023,Mercredi 12h,78.3075,108.83
Décembre 2023,Mercredi 13h,75.74,108.83
Décembre 2023,Mercredi 14h,79.7875,108.83
Décembre 2023,Mercredi 15h,80.8475,108.83
Décembre 2023,Mercredi 16h,84.85499999999999,108.83
Décembre 2023,Mercredi 17h,94.1975,108.83
Décembre 2023,Mercredi 18h,94.47,108.83
Décembre 2023,Mercredi 19h,96.27499999999999,108.83
Décembre 2023,Mercredi 20h,89.6975,108.83
Décembre 2023,Mercredi 21h,75.0925,108.83
Décembre 2023,Mercredi 22h,69.6175,52.87
Décembre 2023,Mercredi 23h,58.16,52.87
Décembre 2023,Jeudi 0h,51.985,52.87
Décembre 2023,Jeudi 1h,48.214999999999996,52.87
Décembre 2023,Jeudi 2h,45.955,52.87
Décembre 2023,Jeudi 3h,39.5125,52.87
Décembre 2023,Jeudi 4h,38.0475,52.87
Décembre 2023,Jeudi 5h,41.86,52.87
Décembre 2023,Jeudi 6h,53.9375,52.87
Décembre 2023,Jeudi 7h,71.33,108.83
Décembre 2023,Jeudi 8h,79.98,108.83
Décembre 2023,Jeudi 9h,76.3,108.83
Décembre 2023,Jeudi 10h,70.37,108.83
Décembre 2023,Jeudi 11h,63.7425,108.83
Décembre 2023,Jeudi 12h,62.695,108.83
Décembre 2023,Jeudi 13h,54.4725,108.83
Décembre 2023,Jeudi 14h,56.6025,108.83
Décembre 2023,Jeudi 15h,59.4675,108.83
Décembre 2023,Jeudi 16h,66.525,108.83
Décembre 2023,Jeudi 17h,82.24,108.83
Décembre 2023,Jeudi 18h,84.41,108.83
Décembre 2023,Jeudi 19h,85.13,108.83
Décembre 2023,Jeudi 20h,77.5925,108.83
Décembre 2023,Jeudi 21h,73.3475,108.83
Décembre 2023,Jeudi 22h,70.135,52.87
Décembre 2023,Jeudi 23h,53.9125,52.87
Décembre 2023,Vendredi 0h,45.668,52.87
Décembre 2023,Vendredi 1h,38.922,52.87
Décembre 2023,Vendredi 2h,37.54,52.87
Décembre 2023,Vendredi 3h,35.39,52.87
Décembre 2023,Vendredi 4h,35.244,52.87
Décembre 2023,Vendredi 5h,40.93,52.87
Décembre 2023,Vendredi 6h,57.128,52.87
Décembre 2023,Vendredi 7h,72.024,108.83
Décembre 2023,Vendredi 8h,80.898,108.83
Décembre 2023,Vendredi 9h,80.068,108.83
Décembre 2023,Vendredi 10h,70.124,108.83
Décembre 2023,Vendredi 11h,65.47200000000001,108.83
Décembre 2023,Vendredi 12h,57.206,108.83
Décembre 2023,Vendredi 13h,49.612,108.83
Décembre 2023,Vendredi 14h,49.918,108.83
Décembre 2023,Vendredi 15h,53.220000000000006,108.83
Décembre 2023,Vendredi 16h,59.322,108.83
Décembre 2023,Vendredi 17h,75.65599999999999,108.83
Décembre 2023,Vendredi 18h,82.83,108.83
Décembre 2023,Vendredi 19h,79.736,108.83
Décembre 2023,Vendredi 20h,76.002,108.83
Décembre 2023,Vendredi 21h,67.99600000000001,108.83
Décembre 2023,Vendredi 22h,65.74,52.87
Décembre 2023,Vendredi 23h,51.254,52.87
Décembre 2023,Samedi 0h,67.096,52.87
Décembre 2023,Samedi 1h,58.666,52.87
Décembre 2023,Samedi 2h,56.943999999999996,52.87
Décembre 2023,Samedi 3h,53.414,52.87
Décembre 2023,Samedi 4h,52.196000000000005,52.87
Décembre 2023,Samedi 5h,53.64399999999999,52.87
Décembre 2023,Samedi 6h,61.172000000000004,52.87
Décembre 2023,Samedi 7h,75.988,108.83
Décembre 2023,Samedi 8h,85.968,108.83
Décembre 2023,Samedi 9h,88.244,108.83
Décembre 2023,Samedi 10h,82.628,108.83
Décembre 2023,Samedi 11h,76.748,108.83
Décembre 2023,Samedi 12h,71.916,108.83
Décembre 2023,Samedi 13h,68.212,108.83
Décembre 2023,Samedi 14h,72.99600000000001,108.83
Décembre 2023,Samedi 15h,74.938,108.83
Décembre 2023,Samedi 16h,82.332,108.83
Décembre 2023,Samedi 17h,92.588,108.83
Décembre 2023,Samedi 18h,103.32000000000001,108.83
Décembre 2023,Samedi 19h,104.76200000000001,108.83
Décembre 2023,Samedi 20h,96.28200000000001,108.83
Décembre 2023,Samedi 21h,83.968,108.83
Décembre 2023,Samedi 22h,84.272,52.87
Décembre 2023,Samedi 23h,71.732,52.87
Décembre 2023,Dimanche 0h,56.048,52.87
Décembre 2023,Dimanche 1h,49.446,52.87
Décembre 2023,Dimanche 2h,51.036,52.87
Décembre 2023,Dimanche 3h,43.068,52.87
Décembre 2023,Dimanche 4h,40.952000000000005,52.87
Décembre 2023,Dimanche 5h,44.245999999999995,52.87
Décembre 2023,Dimanche 6h,50.94799999999999,52.87
Décembre 2023,Dimanche 7h,54.398,108.83
Décembre 2023,Dimanche 8h,60.162,108.83
Décembre 2023,Dimanche 9h,61.914,108.83
Décembre 2023,Dimanche 10h,58.166,108.83
Décembre 2023,Dimanche 11h,54.576,108.83
Décembre 2023,Dimanche 12h,49.368,108.83
Décembre 2023,Dimanche 13h,44.15,108.83
Décembre 2023,Dimanche 14h,47.416,108.83
Décembre 2023,Dimanche 15h,53.802,108.83
Décembre 2023,Dimanche 16h,56.258,108.83
Décembre 2023,Dimanche 17h,70.726,108.83
Décembre 2023,Dimanche 18h,82.376,108.83
Décembre 2023,Dimanche 19h,95.50800000000001,108.83
Décembre 2023,Dimanche 20h,77.402,108.83
Décembre 2023,Dimanche 21h,66.124,108.83
Décembre 2023,Dimanche 22h,64.316,52.87
Décembre 2023,Dimanche 23h,53.25600000000001,52.87
