clean_month,clean_hour,prod_w
Août 2023,Dimanche 0h,0.06867336086086086
Août 2023,Dimanche 10h,301.1456329767267
Août 2023,Dimanche 11h,384.1869019019019
Août 2023,Dimanche 12h,428.81787287287284
Août 2023,Dimanche 13h,464.331489771021
Août 2023,Dimanche 14h,465.86685529279276
Août 2023,Dimanche 15h,441.49565205830834
Août 2023,Dimanche 16h,388.69522866616614
Août 2023,Dimanche 17h,332.39907423048044
Août 2023,Dimanche 18h,241.32003268893894
Août 2023,Dimanche 19h,137.250410254004
Août 2023,Dimanche 1h,0.0
Août 2023,Dimanche 20h,44.78625891516516
Août 2023,Dimanche 21h,4.431755192692693
Août 2023,Dimanche 22h,1.1798370245245244
Août 2023,Dimanche 23h,0.29407814064064064
Août 2023,Dimanche 2h,0.0
Août 2023,Dimanche 3h,0.0
Août 2023,Dimanche 4h,0.0
Août 2023,Dimanche 5h,2.334334647147147
Août 2023,Dimanche 6h,7.106318193193193
Août 2023,Dimanche 7h,17.58587087087087
Août 2023,Dimanche 8h,88.46367601976976
Août 2023,Dimanche 9h,194.5509938063063
Août 2023,Jeudi 0h,0.05600075075075075
Août 2023,Jeudi 10h,305.31874286786785
Août 2023,Jeudi 11h,387.4100088838839
Août 2023,Jeudi 12h,430.9536687937938
Août 2023,Jeudi 13h,464.3335857107107
Août 2023,Jeudi 14h,462.77229166666666
Août 2023,Jeudi 15h,443.42622660160157
Août 2023,Jeudi 16h,390.74246796796797
Août 2023,Jeudi 17h,333.11698798798795
Août 2023,Jeudi 18h,241.86822535035034
Août 2023,Jeudi 19h,136.32786761761764
Août 2023,Jeudi 1h,0.0
Août 2023,Jeudi 20h,43.46304967467468
Août 2023,Jeudi 21h,4.442477977977978
Août 2023,Jeudi 22h,1.151188188188188
Août 2023,Jeudi 23h,0.27559947447447447
Août 2023,Jeudi 2h,0.0
Août 2023,Jeudi 3h,0.0
Août 2023,Jeudi 4h,0.0
Août 2023,Jeudi 5h,2.410206206206206
Août 2023,Jeudi 6h,7.229349099099099
Août 2023,Jeudi 7h,18.40771283783784
Août 2023,Jeudi 8h,89.53422622622622
Août 2023,Jeudi 9h,197.24739064064062
Août 2023,Lundi 0h,0.0713551051051051
Août 2023,Lundi 10h,305.2031858420921
Août 2023,Lundi 11h,389.03452874749746
Août 2023,Lundi 12h,431.2922184684685
Août 2023,Lundi 13h,466.8924537037037
Août 2023,Lundi 14h,470.75322009509506
Août 2023,Lundi 15h,446.7132401151151
Août 2023,Lundi 16h,395.4595969406907
Août 2023,Lundi 17h,336.32491131756757
Août 2023,Lundi 18h,243.72629238613615
Août 2023,Lundi 19h,137.45334819194196
Août 2023,Lundi 1h,0.0
Août 2023,Lundi 20h,43.44334553303303
Août 2023,Lundi 21h,4.421278153153153
Août 2023,Lundi 22h,1.198912037037037
Août 2023,Lundi 23h,0.2849390015015015
Août 2023,Lundi 2h,0.0
Août 2023,Lundi 3h,0.0
Août 2023,Lundi 4h,0.0
Août 2023,Lundi 5h,2.3882299486986986
Août 2023,Lundi 6h,7.2347606981981984
Août 2023,Lundi 7h,17.29342576951952
Août 2023,Lundi 8h,90.20219672797798
Août 2023,Lundi 9h,198.24984484484486
Août 2023,Mardi 0h,0.06479714089089089
Août 2023,Mardi 10h,289.5449149149149
Août 2023,Mardi 11h,372.75712071446446
Août 2023,Mardi 12h,418.431001001001
Août 2023,Mardi 13h,452.6966729229229
Août 2023,Mardi 14h,458.9268972097097
Août 2023,Mardi 15h,436.43789007757755
Août 2023,Mardi 16h,388.4013036473974
Août 2023,Mardi 17h,332.65844719719723
Août 2023,Mardi 18h,237.40348755005004
Août 2023,Mardi 19h,132.47353400275276
Août 2023,Mardi 1h,0.0
Août 2023,Mardi 20h,40.05067723973974
Août 2023,Mardi 21h,4.106104385635636
Août 2023,Mardi 22h,1.298907344844845
Août 2023,Mardi 23h,0.2585767017017017
Août 2023,Mardi 2h,0.0
Août 2023,Mardi 3h,0.0
Août 2023,Mardi 4h,0.0
Août 2023,Mardi 5h,2.4847073636136137
Août 2023,Mardi 6h,7.334568631131131
Août 2023,Mardi 7h,16.81789179804805
Août 2023,Mardi 8h,84.26630411661662
Août 2023,Mardi 9h,186.738940503003
Août 2023,Mercredi 0h,0.06244838588588589
Août 2023,Mercredi 10h,297.39660707582584
Août 2023,Mercredi 11h,378.793305492993
Août 2023,Mercredi 12h,417.4183887012012
Août 2023,Mercredi 13h,446.94580533658655
Août 2023,Mercredi 14h,449.56017908533534
Août 2023,Mercredi 15h,423.17741538413406
Août 2023,Mercredi 16h,377.9292262575075
Août 2023,Mercredi 17h,325.8432764014014
Août 2023,Mercredi 18h,236.2749049049049
Août 2023,Mercredi 19h,129.79251642267266
Août 2023,Mercredi 1h,0.0
Août 2023,Mercredi 20h,38.95449042792793
Août 2023,Mercredi 21h,4.330659409409409
Août 2023,Mercredi 22h,1.2200705392892892
Août 2023,Mercredi 23h,0.23595063813813816
Août 2023,Mercredi 2h,0.0
Août 2023,Mercredi 3h,0.0
Août 2023,Mercredi 4h,0.0
Août 2023,Mercredi 5h,2.451028684934935
Août 2023,Mercredi 6h,7.176483045545545
Août 2023,Mercredi 7h,16.31267048298298
Août 2023,Mercredi 8h,84.48240412287288
Août 2023,Mercredi 9h,190.5776903465966
Août 2023,Samedi 0h,0.058478603603603595
Août 2023,Samedi 10h,308.600644019019
Août 2023,Samedi 11h,393.7229986236236
Août 2023,Samedi 12h,439.6159124124124
Août 2023,Samedi 13h,473.26455117617616
Août 2023,Samedi 14h,474.63589802302306
Août 2023,Samedi 15h,447.5328746246247
Août 2023,Samedi 16h,393.8623385885886
Août 2023,Samedi 17h,335.17200225225224
Août 2023,Samedi 18h,241.52679141641642
Août 2023,Samedi 19h,132.964625
Août 2023,Samedi 1h,0.0
Août 2023,Samedi 20h,40.39560698198198
Août 2023,Samedi 21h,4.198027527527527
Août 2023,Samedi 22h,1.1521386386386385
Août 2023,Samedi 23h,0.19187712712712712
Août 2023,Samedi 2h,0.0
Août 2023,Samedi 3h,0.0
Août 2023,Samedi 4h,0.0
Août 2023,Samedi 5h,2.4904724724724727
Août 2023,Samedi 6h,7.142312687687687
Août 2023,Samedi 7h,17.000228978978978
Août 2023,Samedi 8h,86.65442154654654
Août 2023,Samedi 9h,197.29622647647648
Août 2023,Vendredi 0h,0.06440365365365365
Août 2023,Vendredi 10h,306.0228312062062
Août 2023,Vendredi 11h,397.31399787287285
Août 2023,Vendredi 12h,443.69615540540536
Août 2023,Vendredi 13h,476.1568822572573
Août 2023,Vendredi 14h,477.3371682932933
Août 2023,Vendredi 15h,452.47186861861866
Août 2023,Vendredi 16h,396.7935085085085
Août 2023,Vendredi 17h,336.32816629129127
Août 2023,Vendredi 18h,242.645638013013
Août 2023,Vendredi 19h,135.78947147147147
Août 2023,Vendredi 1h,0.0
Août 2023,Vendredi 20h,42.14533571071071
Août 2023,Vendredi 21h,4.433047422422422
Août 2023,Vendredi 22h,1.238487737737738
Août 2023,Vendredi 23h,0.2805878378378378
Août 2023,Vendredi 2h,0.0
Août 2023,Vendredi 3h,0.0
Août 2023,Vendredi 4h,0.0
Août 2023,Vendredi 5h,2.428259884884885
Août 2023,Vendredi 6h,7.275226101101102
Août 2023,Vendredi 7h,17.361316816816817
Août 2023,Vendredi 8h,88.489252002002
Août 2023,Vendredi 9h,200.51926401401403
Avril 2023,Dimanche 0h,0.022666103603603605
Avril 2023,Dimanche 10h,301.73907579454453
Avril 2023,Dimanche 11h,391.90822603853854
Avril 2023,Dimanche 12h,446.3928553553553
Avril 2023,Dimanche 13h,477.6586111111111
Avril 2023,Dimanche 14h,474.09847018893896
Avril 2023,Dimanche 15h,442.1010910910911
Avril 2023,Dimanche 16h,382.01616382007006
Avril 2023,Dimanche 17h,312.7970534597097
Avril 2023,Dimanche 18h,215.31234015265267
Avril 2023,Dimanche 19h,105.19356809934935
Avril 2023,Dimanche 1h,0.0
Avril 2023,Dimanche 20h,21.548075575575574
Avril 2023,Dimanche 21h,3.589395802052052
Avril 2023,Dimanche 22h,1.2845884947447446
Avril 2023,Dimanche 23h,0.6697858796296297
Avril 2023,Dimanche 2h,0.0
Avril 2023,Dimanche 3h,0.0
Avril 2023,Dimanche 4h,0.0
Avril 2023,Dimanche 5h,3.2032094594594596
Avril 2023,Dimanche 6h,8.301618962712713
Avril 2023,Dimanche 7h,15.28361549049049
Avril 2023,Dimanche 8h,77.68739473848849
Avril 2023,Dimanche 9h,187.75566238113112
Avril 2023,Jeudi 0h,0.0250269019019019
Avril 2023,Jeudi 10h,280.1052382069569
Avril 2023,Jeudi 11h,366.0584676864364
Avril 2023,Jeudi 12h,410.0294395958458
Avril 2023,Jeudi 13h,437.35163773148145
Avril 2023,Jeudi 14h,435.69762700200204
Avril 2023,Jeudi 15h,405.1575351914414
Avril 2023,Jeudi 16h,352.4763357107107
Avril 2023,Jeudi 17h,290.04199074074074
Avril 2023,Jeudi 18h,200.0862334209209
Avril 2023,Jeudi 19h,98.4188206956957
Avril 2023,Jeudi 1h,0.0
Avril 2023,Jeudi 20h,19.117350631881884
Avril 2023,Jeudi 21h,3.6841815252752754
Avril 2023,Jeudi 22h,1.336761448948949
Avril 2023,Jeudi 23h,0.6349909284284285
Avril 2023,Jeudi 2h,0.0
Avril 2023,Jeudi 3h,0.0
Avril 2023,Jeudi 4h,0.0
Avril 2023,Jeudi 5h,3.208804742242242
Avril 2023,Jeudi 6h,8.024271146146146
Avril 2023,Jeudi 7h,13.77492383008008
Avril 2023,Jeudi 8h,68.77348567317318
Avril 2023,Jeudi 9h,172.81102524399398
Avril 2023,Lundi 0h,0.020754254254254253
Avril 2023,Lundi 10h,290.85921621621617
Avril 2023,Lundi 11h,378.68227527527523
Avril 2023,Lundi 12h,429.8213647397397
Avril 2023,Lundi 13h,459.61780980980984
Avril 2023,Lundi 14h,459.6478648648648
Avril 2023,Lundi 15h,431.35843943943945
Avril 2023,Lundi 16h,373.40323611111114
Avril 2023,Lundi 17h,305.1258186936937
Avril 2023,Lundi 18h,208.2091659159159
Avril 2023,Lundi 19h,100.54978716216218
Avril 2023,Lundi 1h,0.0
Avril 2023,Lundi 20h,19.464670545545545
Avril 2023,Lundi 21h,3.656221721721722
Avril 2023,Lundi 22h,1.2507024524524524
Avril 2023,Lundi 23h,0.644807932932933
Avril 2023,Lundi 2h,0.0
Avril 2023,Lundi 3h,0.0
Avril 2023,Lundi 4h,0.0
Avril 2023,Lundi 5h,3.218459209209209
Avril 2023,Lundi 6h,8.079649024024025
Avril 2023,Lundi 7h,14.770721846846849
Avril 2023,Lundi 8h,71.59076876876877
Avril 2023,Lundi 9h,178.80946771771772
Avril 2023,Mardi 0h,0.021975600600600602
Avril 2023,Mardi 10h,285.50661186186187
Avril 2023,Mardi 11h,372.1753068068068
Avril 2023,Mardi 12h,425.83881931931927
Avril 2023,Mardi 13h,457.2839584584584
Avril 2023,Mardi 14h,456.0955994744745
Avril 2023,Mardi 15h,424.48083070570567
Avril 2023,Mardi 16h,364.59217179679683
Avril 2023,Mardi 17h,300.7962387387387
Avril 2023,Mardi 18h,205.49802677677675
Avril 2023,Mardi 19h,100.417497997998
Avril 2023,Mardi 1h,0.0
Avril 2023,Mardi 20h,20.41873023023023
Avril 2023,Mardi 21h,3.5216835585585584
Avril 2023,Mardi 22h,1.2251024774774775
Avril 2023,Mardi 23h,0.6545233983983985
Avril 2023,Mardi 2h,0.0
Avril 2023,Mardi 3h,0.0
Avril 2023,Mardi 4h,0.0
Avril 2023,Mardi 5h,3.232883133133133
Avril 2023,Mardi 6h,8.192674549549547
Avril 2023,Mardi 7h,15.460795795795795
Avril 2023,Mardi 8h,71.65913838838839
Avril 2023,Mardi 9h,176.3445015015015
Avril 2023,Mercredi 0h,0.019944475725725726
Avril 2023,Mercredi 10h,283.31910222722723
Avril 2023,Mercredi 11h,369.57006459584585
Avril 2023,Mercredi 12h,421.60192677052055
Avril 2023,Mercredi 13h,452.31734234234233
Avril 2023,Mercredi 14h,450.5655299049049
Avril 2023,Mercredi 15h,418.8625140765766
Avril 2023,Mercredi 16h,359.5708372434935
Avril 2023,Mercredi 17h,291.85385838963964
Avril 2023,Mercredi 18h,199.22861986986985
Avril 2023,Mercredi 19h,96.1388307057057
Avril 2023,Mercredi 1h,0.0
Avril 2023,Mercredi 20h,17.735758883883886
Avril 2023,Mercredi 21h,3.8244871433933936
Avril 2023,Mercredi 22h,1.4136236236236237
Avril 2023,Mercredi 23h,0.659426926926927
Avril 2023,Mercredi 2h,0.0
Avril 2023,Mercredi 3h,0.0
Avril 2023,Mercredi 4h,0.0
Avril 2023,Mercredi 5h,3.330520207707708
Avril 2023,Mercredi 6h,8.413992742742742
Avril 2023,Mercredi 7h,14.55846096096096
Avril 2023,Mercredi 8h,69.46202937312313
Avril 2023,Mercredi 9h,174.68639045295293
Avril 2023,Samedi 0h,0.020772178428428427
Avril 2023,Samedi 10h,291.14250328453454
Avril 2023,Samedi 11h,383.8958336461461
Avril 2023,Samedi 12h,436.07203781906907
Avril 2023,Samedi 13h,463.5876973848849
Avril 2023,Samedi 14h,461.6045434496997
Avril 2023,Samedi 15h,430.6995052865365
Avril 2023,Samedi 16h,374.3806110798298
Avril 2023,Samedi 17h,301.5880242742743
Avril 2023,Samedi 18h,206.01962118368368
Avril 2023,Samedi 19h,101.22027480605605
Avril 2023,Samedi 1h,0.0
Avril 2023,Samedi 20h,19.92462525025025
Avril 2023,Samedi 21h,3.5302546296296295
Avril 2023,Samedi 22h,1.3736991679179178
Avril 2023,Samedi 23h,0.6424028716216217
Avril 2023,Samedi 2h,0.0
Avril 2023,Samedi 3h,0.0
Avril 2023,Samedi 4h,0.0
Avril 2023,Samedi 5h,3.1960141391391392
Avril 2023,Samedi 6h,7.9810166416416415
Avril 2023,Samedi 7h,14.867228165665665
Avril 2023,Samedi 8h,75.76132147772773
Avril 2023,Samedi 9h,185.07681478353354
Avril 2023,Vendredi 0h,0.020693193193193193
Avril 2023,Vendredi 10h,289.58926989489487
Avril 2023,Vendredi 11h,376.9782293230731
Avril 2023,Vendredi 12h,426.77100100100097
Avril 2023,Vendredi 13h,454.71773992742743
Avril 2023,Vendredi 14h,450.6049344657157
Avril 2023,Vendredi 15h,424.8818995558058
Avril 2023,Vendredi 16h,368.3605580580581
Avril 2023,Vendredi 17h,304.9333352102102
Avril 2023,Vendredi 18h,210.89685935935935
Avril 2023,Vendredi 19h,103.40605668168169
Avril 2023,Vendredi 1h,0.0
Avril 2023,Vendredi 20h,20.227512356106107
Avril 2023,Vendredi 21h,3.6660305618118114
Avril 2023,Vendredi 22h,1.2125495808308309
Avril 2023,Vendredi 23h,0.6379288663663664
Avril 2023,Vendredi 2h,0.0
Avril 2023,Vendredi 3h,0.0
Avril 2023,Vendredi 4h,0.0
Avril 2023,Vendredi 5h,3.2907307307307305
Avril 2023,Vendredi 6h,8.219669513263263
Avril 2023,Vendredi 7h,14.58532251001001
Avril 2023,Vendredi 8h,72.19443584209209
Avril 2023,Vendredi 9h,179.1655466403904
Décembre 2023,Dimanche 0h,0.0
Décembre 2023,Dimanche 10h,87.18567605105105
Décembre 2023,Dimanche 11h,131.32742755255254
Décembre 2023,Dimanche 12h,156.24436136136137
Décembre 2023,Dimanche 13h,155.40029917417417
Décembre 2023,Dimanche 14h,129.79838238238239
Décembre 2023,Dimanche 15h,83.20626764264264
Décembre 2023,Dimanche 16h,33.30028928928929
Décembre 2023,Dimanche 17h,5.409021771771772
Décembre 2023,Dimanche 18h,4.8441313813813816
Décembre 2023,Dimanche 19h,3.8923719969969968
Décembre 2023,Dimanche 1h,0.0
Décembre 2023,Dimanche 20h,2.528289914914915
Décembre 2023,Dimanche 21h,1.059933933933934
Décembre 2023,Dimanche 22h,0.06665853353353354
Décembre 2023,Dimanche 23h,0.0
Décembre 2023,Dimanche 2h,0.0
Décembre 2023,Dimanche 3h,2.995554054054054
Décembre 2023,Dimanche 4h,8.233551801801802
Décembre 2023,Dimanche 5h,13.371853103103103
Décembre 2023,Dimanche 6h,17.18760610610611
Décembre 2023,Dimanche 7h,19.040479854854855
Décembre 2023,Dimanche 8h,20.16473636136136
Décembre 2023,Dimanche 9h,36.54572597597597
Décembre 2023,Jeudi 0h,0.0
Décembre 2023,Jeudi 10h,88.26988863863863
Décembre 2023,Jeudi 11h,134.0755006569069
Décembre 2023,Jeudi 12h,162.192490772022
Décembre 2023,Jeudi 13h,162.20040024399398
Décembre 2023,Jeudi 14h,135.5889067192192
Décembre 2023,Jeudi 15h,86.52118196321321
Décembre 2023,Jeudi 16h,33.66258039289289
Décembre 2023,Jeudi 17h,5.241291916916917
Décembre 2023,Jeudi 18h,4.715168293293294
Décembre 2023,Jeudi 19h,3.823247466216216
Décembre 2023,Jeudi 1h,0.0
Décembre 2023,Jeudi 20h,2.627372997997998
Décembre 2023,Jeudi 21h,1.0791371058558559
Décembre 2023,Jeudi 22h,0.06202405530530531
Décembre 2023,Jeudi 23h,0.0
Décembre 2023,Jeudi 2h,0.0
Décembre 2023,Jeudi 3h,2.988405905905906
Décembre 2023,Jeudi 4h,8.251258289539539
Décembre 2023,Jeudi 5h,13.353608765015014
Décembre 2023,Jeudi 6h,16.917885698198198
Décembre 2023,Jeudi 7h,18.972211742992993
Décembre 2023,Jeudi 8h,19.616057463713716
Décembre 2023,Jeudi 9h,35.83882507507507
Décembre 2023,Lundi 0h,0.0
Décembre 2023,Lundi 10h,85.85483258258259
Décembre 2023,Lundi 11h,129.10975300300302
Décembre 2023,Lundi 12h,154.0570833333333
Décembre 2023,Lundi 13h,153.2222331081081
Décembre 2023,Lundi 14h,128.28976076076077
Décembre 2023,Lundi 15h,82.74463013013013
Décembre 2023,Lundi 16h,33.15265027527528
Décembre 2023,Lundi 17h,5.3611747997998
Décembre 2023,Lundi 18h,4.811129379379379
Décembre 2023,Lundi 19h,3.8762084584584584
Décembre 2023,Lundi 1h,0.0
Décembre 2023,Lundi 20h,2.630038663663664
Décembre 2023,Lundi 21h,1.1400025025025022
Décembre 2023,Lundi 22h,0.07883683683683684
Décembre 2023,Lundi 23h,0.0
Décembre 2023,Lundi 2h,0.0
Décembre 2023,Lundi 3h,2.9009431931931933
Décembre 2023,Lundi 4h,8.052137512512513
Décembre 2023,Lundi 5h,12.926256256256256
Décembre 2023,Lundi 6h,16.628105230230226
Décembre 2023,Lundi 7h,18.694461211211213
Décembre 2023,Lundi 8h,19.556045170170172
Décembre 2023,Lundi 9h,35.38460435435435
Décembre 2023,Mardi 0h,0.0
Décembre 2023,Mardi 10h,84.00828753753754
Décembre 2023,Mardi 11h,126.96928428428427
Décembre 2023,Mardi 12h,151.07693718718718
Décembre 2023,Mardi 13h,150.9800193943944
Décembre 2023,Mardi 14h,128.1903778778779
Décembre 2023,Mardi 15h,83.07215390390391
Décembre 2023,Mardi 16h,33.5640218968969
Décembre 2023,Mardi 17h,5.387857857857858
Décembre 2023,Mardi 18h,4.77799512012012
Décembre 2023,Mardi 19h,3.9929917417417413
Décembre 2023,Mardi 1h,0.0
Décembre 2023,Mardi 20h,2.6103164414414413
Décembre 2023,Mardi 21h,1.0788501001001
Décembre 2023,Mardi 22h,0.07607745245245245
Décembre 2023,Mardi 23h,0.0
Décembre 2023,Mardi 2h,0.0
Décembre 2023,Mardi 3h,2.874224974974975
Décembre 2023,Mardi 4h,8.081321946946947
Décembre 2023,Mardi 5h,12.965023648648648
Décembre 2023,Mardi 6h,16.330649774774777
Décembre 2023,Mardi 7h,17.906060435435432
Décembre 2023,Mardi 8h,18.836290915915917
Décembre 2023,Mardi 9h,34.430272772772774
Décembre 2023,Mercredi 0h,0.0
Décembre 2023,Mercredi 10h,86.66898711211212
Décembre 2023,Mercredi 11h,130.6236183058058
Décembre 2023,Mercredi 12h,156.13711586586587
Décembre 2023,Mercredi 13h,155.33659581456456
Décembre 2023,Mercredi 14h,130.6792528465966
Décembre 2023,Mercredi 15h,83.52972754004004
Décembre 2023,Mercredi 16h,33.18123607982983
Décembre 2023,Mercredi 17h,5.249108014264264
Décembre 2023,Mercredi 18h,4.60873607982983
Décembre 2023,Mercredi 19h,3.676393268268268
Décembre 2023,Mercredi 1h,0.0
Décembre 2023,Mercredi 20h,2.3325314376876873
Décembre 2023,Mercredi 21h,0.9450020332832832
Décembre 2023,Mercredi 22h,0.06375625625625625
Décembre 2023,Mercredi 23h,0.0
Décembre 2023,Mercredi 2h,0.0
Décembre 2023,Mercredi 3h,3.057772929179179
Décembre 2023,Mercredi 4h,8.501487424924925
Décembre 2023,Mercredi 5h,13.631232482482483
Décembre 2023,Mercredi 6h,17.54472800925926
Décembre 2023,Mercredi 7h,19.54908126876877
Décembre 2023,Mercredi 8h,20.271162256006004
Décembre 2023,Mercredi 9h,35.97929273023023
Décembre 2023,Samedi 0h,0.0
Décembre 2023,Samedi 10h,82.96880020645645
Décembre 2023,Samedi 11h,125.6740529592092
Décembre 2023,Samedi 12h,150.47698902027025
Décembre 2023,Samedi 13h,151.28245073198198
Décembre 2023,Samedi 14h,127.4258791604104
Décembre 2023,Samedi 15h,81.82218030530531
Décembre 2023,Samedi 16h,32.52820586211212
Décembre 2023,Samedi 17h,5.27490162037037
Décembre 2023,Samedi 18h,4.7432667042042045
Décembre 2023,Samedi 19h,3.8282246308808805
Décembre 2023,Samedi 1h,0.0
Décembre 2023,Samedi 20h,2.5088837274774773
Décembre 2023,Samedi 21h,1.1451994181681682
Décembre 2023,Samedi 22h,0.0734543918918919
Décembre 2023,Samedi 23h,0.0
Décembre 2023,Samedi 2h,0.0
Décembre 2023,Samedi 3h,2.8356190565565567
Décembre 2023,Samedi 4h,8.111977602602604
Décembre 2023,Samedi 5h,13.200010948448448
Décembre 2023,Samedi 6h,17.108392298548548
Décembre 2023,Samedi 7h,18.93442458083083
Décembre 2023,Samedi 8h,19.8510106981982
Décembre 2023,Samedi 9h,34.19439236111111
Décembre 2023,Vendredi 0h,0.0
Décembre 2023,Vendredi 10h,84.15391203703703
Décembre 2023,Vendredi 11h,128.01162490615616
Décembre 2023,Vendredi 12h,154.6417597284785
Décembre 2023,Vendredi 13h,156.6994904279279
Décembre 2023,Vendredi 14h,130.90122966716717
Décembre 2023,Vendredi 15h,84.24717686436436
Décembre 2023,Vendredi 16h,33.37235407282282
Décembre 2023,Vendredi 17h,5.186394519519519
Décembre 2023,Vendredi 18h,4.562709271771771
Décembre 2023,Vendredi 19h,3.834063594844845
Décembre 2023,Vendredi 1h,0.0
Décembre 2023,Vendredi 20h,2.4962418668668667
Décembre 2023,Vendredi 21h,1.0976526526526527
Décembre 2023,Vendredi 22h,0.07732091466466466
Décembre 2023,Vendredi 23h,0.0
Décembre 2023,Vendredi 2h,0.0
Décembre 2023,Vendredi 3h,2.9222772772772774
Décembre 2023,Vendredi 4h,8.195845845845845
Décembre 2023,Vendredi 5h,13.424257695195195
Décembre 2023,Vendredi 6h,16.973752971721723
Décembre 2023,Vendredi 7h,19.032350788288287
Décembre 2023,Vendredi 8h,19.775796421421422
Décembre 2023,Vendredi 9h,33.70357685810811
Février 2023,Dimanche 0h,0.0
Février 2023,Dimanche 10h,148.93280671296296
Février 2023,Dimanche 11h,206.03684950575575
Février 2023,Dimanche 12h,244.65044137887887
Février 2023,Dimanche 13h,243.52254504504504
Février 2023,Dimanche 14h,228.38246355730732
Février 2023,Dimanche 15h,185.89720579954954
Février 2023,Dimanche 16h,126.0971823385886
Février 2023,Dimanche 17h,54.856232013263266
Février 2023,Dimanche 18h,7.921350725725726
Février 2023,Dimanche 19h,5.08366382007007
Février 2023,Dimanche 1h,0.0
Février 2023,Dimanche 20h,3.77408643018018
Février 2023,Dimanche 21h,1.8924095970970969
Février 2023,Dimanche 22h,0.41491663538538537
Février 2023,Dimanche 23h,0.0010732607607607607
Février 2023,Dimanche 2h,0.0
Février 2023,Dimanche 3h,0.6026291916916917
Février 2023,Dimanche 4h,4.539200137637637
Février 2023,Dimanche 5h,9.286303021771772
Février 2023,Dimanche 6h,13.307248967717717
Février 2023,Dimanche 7h,16.133550425425426
Février 2023,Dimanche 8h,21.328700575575574
Février 2023,Dimanche 9h,75.92391297547547
Février 2023,Jeudi 0h,0.0
Février 2023,Jeudi 10h,150.69871546546545
Février 2023,Jeudi 11h,204.40327552552554
Février 2023,Jeudi 12h,238.4557473723724
Février 2023,Jeudi 13h,230.37457895395397
Février 2023,Jeudi 14h,225.85099687187184
Février 2023,Jeudi 15h,185.13713138138138
Février 2023,Jeudi 16h,126.8678536036036
Février 2023,Jeudi 17h,57.72460723223223
Février 2023,Jeudi 18h,8.883987737737737
Février 2023,Jeudi 19h,5.1427795295295295
Février 2023,Jeudi 1h,0.0
Février 2023,Jeudi 20h,3.689526901901902
Février 2023,Jeudi 21h,2.01346509009009
Février 2023,Jeudi 22h,0.36952627627627627
Février 2023,Jeudi 23h,0.0005266516516516516
Février 2023,Jeudi 2h,0.0
Février 2023,Jeudi 3h,0.6127267267267267
Février 2023,Jeudi 4h,4.736778653653653
Février 2023,Jeudi 5h,9.480620995995995
Février 2023,Jeudi 6h,13.559025775775774
Février 2023,Jeudi 7h,16.34943531031031
Février 2023,Jeudi 8h,22.950687437437438
Février 2023,Jeudi 9h,79.98776926926926
Février 2023,Lundi 0h,0.0
Février 2023,Lundi 10h,153.0835157032032
Février 2023,Lundi 11h,208.50757992367366
Février 2023,Lundi 12h,245.8751690753253
Février 2023,Lundi 13h,241.51441910660662
Février 2023,Lundi 14h,230.33579548298297
Février 2023,Lundi 15h,187.9440581206206
Février 2023,Lundi 16h,128.72659988113114
Février 2023,Lundi 17h,58.690811905655664
Février 2023,Lundi 18h,8.67113206956957
Février 2023,Lundi 19h,5.045536473973973
Février 2023,Lundi 1h,0.0
Février 2023,Lundi 20h,3.766551707957958
Février 2023,Lundi 21h,1.9973085585585584
Février 2023,Lundi 22h,0.33893721846846847
Février 2023,Lundi 23h,0.0010774837337337339
Février 2023,Lundi 2h,0.0
Février 2023,Lundi 3h,0.5951465528028028
Février 2023,Lundi 4h,4.760100569319319
Février 2023,Lundi 5h,9.609668731231231
Février 2023,Lundi 6h,13.269776026026026
Février 2023,Lundi 7h,15.499312593843843
Février 2023,Lundi 8h,21.545654873623622
Février 2023,Lundi 9h,78.6079027464965
Février 2023,Mardi 0h,0.0
Février 2023,Mardi 10h,156.13992336086085
Février 2023,Mardi 11h,208.73043809434435
Février 2023,Mardi 12h,241.87726711086086
Février 2023,Mardi 13h,236.09877627627625
Février 2023,Mardi 14h,225.1632480918418
Février 2023,Mardi 15h,183.9327053616116
Février 2023,Mardi 16h,125.65482982982984
Février 2023,Mardi 17h,57.52619212962963
Février 2023,Mardi 18h,8.668064939939939
Février 2023,Mardi 19h,5.061722503753754
Février 2023,Mardi 1h,0.0
Février 2023,Mardi 20h,3.7020734797297297
Février 2023,Mardi 21h,1.9054854854854852
Février 2023,Mardi 22h,0.368292042042042
Février 2023,Mardi 23h,0.0010907782782782782
Février 2023,Mardi 2h,0.0
Février 2023,Mardi 3h,0.5581833395895895
Février 2023,Mardi 4h,4.665610767017017
Février 2023,Mardi 5h,9.60572244119119
Février 2023,Mardi 6h,13.844241585335336
Février 2023,Mardi 7h,16.371457864114113
Février 2023,Mardi 8h,23.981278153153156
Février 2023,Mardi 9h,82.9212672047047
Février 2023,Mercredi 0h,0.0
Février 2023,Mercredi 10h,156.97124937437437
Février 2023,Mercredi 11h,211.58250375375377
Février 2023,Mercredi 12h,247.74126110485486
Février 2023,Mercredi 13h,240.0607401151151
Février 2023,Mercredi 14h,235.90069725975974
Février 2023,Mercredi 15h,194.14274133508508
Février 2023,Mercredi 16h,136.04614771021022
Février 2023,Mercredi 17h,64.70143283908908
Février 2023,Mercredi 18h,9.475610454204205
Février 2023,Mercredi 19h,4.958406062312312
Février 2023,Mercredi 1h,0.0
Février 2023,Mercredi 20h,3.4618118118118115
Février 2023,Mercredi 21h,1.8308308308308308
Février 2023,Mercredi 22h,0.37276323198198197
Février 2023,Mercredi 23h,0.0011139264264264266
Février 2023,Mercredi 2h,0.0
Février 2023,Mercredi 3h,0.5669280217717718
Février 2023,Mercredi 4h,4.92071071071071
Février 2023,Mercredi 5h,9.785614833583583
Février 2023,Mercredi 6h,13.814740052552551
Février 2023,Mercredi 7h,16.523716059809807
Février 2023,Mercredi 8h,24.4304077515015
Février 2023,Mercredi 9h,83.79024884259259
Février 2023,Samedi 0h,0.0
Février 2023,Samedi 10h,150.17525853978978
Février 2023,Samedi 11h,207.2772924486987
Février 2023,Samedi 12h,246.85260494869868
Février 2023,Samedi 13h,244.44059043418417
Février 2023,Samedi 14h,232.3187845658158
Février 2023,Samedi 15h,187.61217717717716
Février 2023,Samedi 16h,125.79327296046046
Février 2023,Samedi 17h,53.34084678428428
Février 2023,Samedi 18h,7.772085523023023
Février 2023,Samedi 19h,5.101385917167168
Février 2023,Samedi 1h,0.0
Février 2023,Samedi 20h,3.8135088213213213
Février 2023,Samedi 21h,2.1705178616116116
Février 2023,Samedi 22h,0.40371621621621623
Février 2023,Samedi 23h,0.0015218343343343342
Février 2023,Samedi 2h,0.0
Février 2023,Samedi 3h,0.6531572197197197
Février 2023,Samedi 4h,4.868201639139139
Février 2023,Samedi 5h,9.918389014014014
Février 2023,Samedi 6h,13.928170983483483
Février 2023,Samedi 7h,16.452376595345346
Février 2023,Samedi 8h,21.735929523273274
Février 2023,Samedi 9h,75.92242023273272
Février 2023,Vendredi 0h,0.0
Février 2023,Vendredi 10h,147.16967889764766
Février 2023,Vendredi 11h,201.79882022647647
Février 2023,Vendredi 12h,236.75501798673673
Février 2023,Vendredi 13h,233.87197572572572
Février 2023,Vendredi 14h,221.0180075387888
Février 2023,Vendredi 15h,175.41853071821822
Février 2023,Vendredi 16h,119.97900932182182
Février 2023,Vendredi 17h,51.025886824324324
Février 2023,Vendredi 18h,7.288053835085085
Février 2023,Vendredi 19h,4.8359589276776775
Février 2023,Vendredi 1h,0.0
Février 2023,Vendredi 20h,3.627239114114114
Février 2023,Vendredi 21h,1.8811542792792793
Février 2023,Vendredi 22h,0.3479665603103103
Février 2023,Vendredi 23h,0.001034002752752753
Février 2023,Vendredi 2h,0.0
Février 2023,Vendredi 3h,0.6892561311311312
Février 2023,Vendredi 4h,5.1805588400900895
Février 2023,Vendredi 5h,10.226968061811812
Février 2023,Vendredi 6h,14.507056431431431
Février 2023,Vendredi 7h,17.530446853103104
Février 2023,Vendredi 8h,22.653286255005003
Février 2023,Vendredi 9h,74.23579798548548
Janvier 2023,Dimanche 0h,0.0
Janvier 2023,Dimanche 10h,91.53042683308308
Janvier 2023,Dimanche 11h,135.767441504004
Janvier 2023,Dimanche 12h,166.57503722472472
Janvier 2023,Dimanche 13h,169.68675785160158
Janvier 2023,Dimanche 14h,149.90236674174173
Janvier 2023,Dimanche 15h,109.2574560497998
Janvier 2023,Dimanche 16h,58.09930618118118
Janvier 2023,Dimanche 17h,11.68902949824825
Janvier 2023,Dimanche 18h,5.22006178053053
Janvier 2023,Dimanche 19h,4.474626032282282
Janvier 2023,Dimanche 1h,0.0
Janvier 2023,Dimanche 20h,3.2998328015515517
Janvier 2023,Dimanche 21h,1.6189522334834834
Janvier 2023,Dimanche 22h,0.2585773273273273
Janvier 2023,Dimanche 23h,0.0
Janvier 2023,Dimanche 2h,0.0
Janvier 2023,Dimanche 3h,1.6256035723223223
Janvier 2023,Dimanche 4h,6.291146771771771
Janvier 2023,Dimanche 5h,11.135810341591592
Janvier 2023,Dimanche 6h,15.252815628128129
Janvier 2023,Dimanche 7h,17.583224787287286
Janvier 2023,Dimanche 8h,18.648781594094093
Janvier 2023,Dimanche 9h,34.633230105105106
Janvier 2023,Jeudi 0h,0.0
Janvier 2023,Jeudi 10h,88.14399712212213
Janvier 2023,Jeudi 11h,135.02497544419418
Janvier 2023,Jeudi 12h,162.79547844719718
Janvier 2023,Jeudi 13h,169.024306493994
Janvier 2023,Jeudi 14h,146.1402805930931
Janvier 2023,Jeudi 15h,106.41111486486486
Janvier 2023,Jeudi 16h,54.352510479229224
Janvier 2023,Jeudi 17h,10.552628566066065
Janvier 2023,Jeudi 18h,5.1320955330330325
Janvier 2023,Jeudi 19h,4.38508836961962
Janvier 2023,Jeudi 1h,0.0
Janvier 2023,Jeudi 20h,3.164022147147147
Janvier 2023,Jeudi 21h,1.4728408095595595
Janvier 2023,Jeudi 22h,0.21139670920920922
Janvier 2023,Jeudi 23h,0.0
Janvier 2023,Jeudi 2h,0.0
Janvier 2023,Jeudi 3h,1.6887682995495497
Janvier 2023,Jeudi 4h,6.42408815065065
Janvier 2023,Jeudi 5h,11.352656875625625
Janvier 2023,Jeudi 6h,15.076489301801802
Janvier 2023,Jeudi 7h,17.35676316941942
Janvier 2023,Jeudi 8h,18.70253831956957
Janvier 2023,Jeudi 9h,33.86393471596597
Janvier 2023,Lundi 0h,0.0
Janvier 2023,Lundi 10h,86.01535610610611
Janvier 2023,Lundi 11h,128.66349236736738
Janvier 2023,Lundi 12h,157.7923785035035
Janvier 2023,Lundi 13h,162.51805092592593
Janvier 2023,Lundi 14h,143.69659634634635
Janvier 2023,Lundi 15h,103.35983183183184
Janvier 2023,Lundi 16h,54.18458445945946
Janvier 2023,Lundi 17h,11.265201076076076
Janvier 2023,Lundi 18h,5.2148493493493495
Janvier 2023,Lundi 19h,4.440677552552552
Janvier 2023,Lundi 1h,0.0
Janvier 2023,Lundi 20h,3.077941941941942
Janvier 2023,Lundi 21h,1.496297047047047
Janvier 2023,Lundi 22h,0.22774887387387385
Janvier 2023,Lundi 23h,0.0
Janvier 2023,Lundi 2h,0.0
Janvier 2023,Lundi 3h,1.6456333833833834
Janvier 2023,Lundi 4h,6.157647022022021
Janvier 2023,Lundi 5h,10.746883508508509
Janvier 2023,Lundi 6h,14.17163576076076
Janvier 2023,Lundi 7h,16.395972347347346
Janvier 2023,Lundi 8h,17.592263638638638
Janvier 2023,Lundi 9h,33.12404767267267
Janvier 2023,Mardi 0h,0.0
Janvier 2023,Mardi 10h,87.44619957457458
Janvier 2023,Mardi 11h,132.87531418918917
Janvier 2023,Mardi 12h,164.05971609109108
Janvier 2023,Mardi 13h,171.45106193693692
Janvier 2023,Mardi 14h,152.59410085085085
Janvier 2023,Mardi 15h,112.09054854854853
Janvier 2023,Mardi 16h,58.92099724724725
Janvier 2023,Mardi 17h,11.968247497497497
Janvier 2023,Mardi 18h,5.110171796796797
Janvier 2023,Mardi 19h,4.404459584584584
Janvier 2023,Mardi 1h,0.0
Janvier 2023,Mardi 20h,3.098783908908909
Janvier 2023,Mardi 21h,1.5056945695695696
Janvier 2023,Mardi 22h,0.2522248498498499
Janvier 2023,Mardi 23h,0.0
Janvier 2023,Mardi 2h,0.0
Janvier 2023,Mardi 3h,1.5359428178178178
Janvier 2023,Mardi 4h,5.954825700700701
Janvier 2023,Mardi 5h,10.609750625625626
Janvier 2023,Mardi 6h,14.301235735735736
Janvier 2023,Mardi 7h,16.658916916916915
Janvier 2023,Mardi 8h,17.967051176176177
Janvier 2023,Mardi 9h,33.89715465465465
Janvier 2023,Mercredi 0h,0.0
Janvier 2023,Mercredi 10h,90.29806218718718
Janvier 2023,Mercredi 11h,136.4830452952953
Janvier 2023,Mercredi 12h,166.0271901901902
Janvier 2023,Mercredi 13h,172.32913776276277
Janvier 2023,Mercredi 14h,150.12337237237236
Janvier 2023,Mercredi 15h,110.41474199199199
Janvier 2023,Mercredi 16h,58.26685673173174
Janvier 2023,Mercredi 17h,12.26059296796797
Janvier 2023,Mercredi 18h,5.046815565565565
Janvier 2023,Mercredi 19h,4.35660960960961
Janvier 2023,Mercredi 1h,0.0
Janvier 2023,Mercredi 20h,3.164534784784785
Janvier 2023,Mercredi 21h,1.5099767267267268
Janvier 2023,Mercredi 22h,0.2545808308308308
Janvier 2023,Mercredi 23h,0.0
Janvier 2023,Mercredi 2h,0.0
Janvier 2023,Mercredi 3h,1.5094421921921923
Janvier 2023,Mercredi 4h,5.853346596596596
Janvier 2023,Mercredi 5h,10.700767392392391
Janvier 2023,Mercredi 6h,14.495312187187187
Janvier 2023,Mercredi 7h,16.564502252252254
Janvier 2023,Mercredi 8h,17.471202077077077
Janvier 2023,Mercredi 9h,35.674940815815816
Janvier 2023,Samedi 0h,0.0
Janvier 2023,Samedi 10h,89.8170095095095
Janvier 2023,Samedi 11h,131.9772122122122
Janvier 2023,Samedi 12h,160.97493008633634
Janvier 2023,Samedi 13h,163.73264577077077
Janvier 2023,Samedi 14h,145.3737573511011
Janvier 2023,Samedi 15h,106.45092373623623
Janvier 2023,Samedi 16h,57.1641331956957
Janvier 2023,Samedi 17h,11.623141266266266
Janvier 2023,Samedi 18h,5.1269696258758755
Janvier 2023,Samedi 19h,4.296980261511512
Janvier 2023,Samedi 1h,0.0
Janvier 2023,Samedi 20h,3.0252733983983986
Janvier 2023,Samedi 21h,1.4729981544044044
Janvier 2023,Samedi 22h,0.2061278465965966
Janvier 2023,Samedi 23h,0.0
Janvier 2023,Samedi 2h,0.0
Janvier 2023,Samedi 3h,1.6768379316816817
Janvier 2023,Samedi 4h,6.682130880880881
Janvier 2023,Samedi 5h,11.921977915415415
Janvier 2023,Samedi 6h,15.883096846846847
Janvier 2023,Samedi 7h,18.51624906156156
Janvier 2023,Samedi 8h,20.12722347347347
Janvier 2023,Samedi 9h,36.36038913913914
Janvier 2023,Vendredi 0h,0.0
Janvier 2023,Vendredi 10h,86.2685379129129
Janvier 2023,Vendredi 11h,124.59971049174175
Janvier 2023,Vendredi 12h,151.1049466654154
Janvier 2023,Vendredi 13h,153.69610892142143
Janvier 2023,Vendredi 14h,134.81282282282282
Janvier 2023,Vendredi 15h,96.79597034534535
Janvier 2023,Vendredi 16h,51.45671984484484
Janvier 2023,Vendredi 17h,10.420817692692692
Janvier 2023,Vendredi 18h,5.027424768518518
Janvier 2023,Vendredi 19h,4.275131694194195
Janvier 2023,Vendredi 1h,0.0
Janvier 2023,Vendredi 20h,2.879104416916917
Janvier 2023,Vendredi 21h,1.4021343218218218
Janvier 2023,Vendredi 22h,0.1832814064064064
Janvier 2023,Vendredi 23h,0.0
Janvier 2023,Vendredi 2h,0.0
Janvier 2023,Vendredi 3h,1.6856270332832834
Janvier 2023,Vendredi 4h,6.503106074824824
Janvier 2023,Vendredi 5h,11.618419356856856
Janvier 2023,Vendredi 6h,15.521747841591592
Janvier 2023,Vendredi 7h,18.227002784034035
Janvier 2023,Vendredi 8h,19.792016234984985
Janvier 2023,Vendredi 9h,35.10421280655656
Janvier 2025,Mercredi 0h,0.0
Juillet 2023,Dimanche 0h,0.07255051926926927
Juillet 2023,Dimanche 10h,340.88319288038036
Juillet 2023,Dimanche 11h,417.06418684309307
Juillet 2023,Dimanche 12h,449.00054116616616
Juillet 2023,Dimanche 13h,483.50559418793796
Juillet 2023,Dimanche 14h,487.3620054429429
Juillet 2023,Dimanche 15h,458.10457535660663
Juillet 2023,Dimanche 16h,426.6037033908909
Juillet 2023,Dimanche 17h,372.12615568693695
Juillet 2023,Dimanche 18h,286.70842185935936
Juillet 2023,Dimanche 19h,184.86280452327327
Juillet 2023,Dimanche 1h,0.0
Juillet 2023,Dimanche 20h,82.58631146771772
Juillet 2023,Dimanche 21h,14.491645238988987
Juillet 2023,Dimanche 22h,1.4878797547547549
Juillet 2023,Dimanche 23h,0.3419500750750751
Juillet 2023,Dimanche 2h,0.0
Juillet 2023,Dimanche 3h,0.0
Juillet 2023,Dimanche 4h,0.0
Juillet 2023,Dimanche 5h,1.3826274712212212
Juillet 2023,Dimanche 6h,5.818882945445445
Juillet 2023,Dimanche 7h,38.83733201951952
Juillet 2023,Dimanche 8h,127.98129817317317
Juillet 2023,Dimanche 9h,238.47430633758756
Juillet 2023,Jeudi 0h,0.0747558495995996
Juillet 2023,Jeudi 10h,351.02039914914917
Juillet 2023,Jeudi 11h,433.57677818443443
Juillet 2023,Jeudi 12h,473.36132945445445
Juillet 2023,Jeudi 13h,512.7791693255756
Juillet 2023,Jeudi 14h,521.033947072072
Juillet 2023,Jeudi 15h,488.60924533908906
Juillet 2023,Jeudi 16h,451.1297866616617
Juillet 2023,Jeudi 17h,390.31898023023024
Juillet 2023,Jeudi 18h,298.69135979729725
Juillet 2023,Jeudi 19h,190.64660410410409
Juillet 2023,Jeudi 1h,0.0
Juillet 2023,Jeudi 20h,85.2488965528028
Juillet 2023,Jeudi 21h,15.182166228728729
Juillet 2023,Jeudi 22h,1.6197924486986988
Juillet 2023,Jeudi 23h,0.3603422172172172
Juillet 2023,Jeudi 2h,0.0
Juillet 2023,Jeudi 3h,0.0
Juillet 2023,Jeudi 4h,0.0
Juillet 2023,Jeudi 5h,1.3382498123123123
Juillet 2023,Jeudi 6h,5.890584177927928
Juillet 2023,Jeudi 7h,42.67140625
Juillet 2023,Jeudi 8h,135.45002846596597
Juillet 2023,Jeudi 9h,246.448877002002
Juillet 2023,Lundi 0h,0.09175563063063062
Juillet 2023,Lundi 10h,353.45199812312313
Juillet 2023,Lundi 11h,431.1969034034034
Juillet 2023,Lundi 12h,469.19681468968975
Juillet 2023,Lundi 13h,498.64379291791795
Juillet 2023,Lundi 14h,502.92507244744746
Juillet 2023,Lundi 15h,474.1725208958959
Juillet 2023,Lundi 16h,438.4000769519519
Juillet 2023,Lundi 17h,379.95340140140144
Juillet 2023,Lundi 18h,292.8345892142142
Juillet 2023,Lundi 19h,188.6237087087087
Juillet 2023,Lundi 1h,0.0
Juillet 2023,Lundi 20h,85.39380793293293
Juillet 2023,Lundi 21h,15.094442567567565
Juillet 2023,Lundi 22h,1.625877127127127
Juillet 2023,Lundi 23h,0.36039451951951956
Juillet 2023,Lundi 2h,0.0
Juillet 2023,Lundi 3h,0.0
Juillet 2023,Lundi 4h,0.0
Juillet 2023,Lundi 5h,1.360413163163163
Juillet 2023,Lundi 6h,5.920118993993993
Juillet 2023,Lundi 7h,41.863961836836836
Juillet 2023,Lundi 8h,134.5137794044044
Juillet 2023,Lundi 9h,248.27078490990988
Juillet 2023,Mardi 0h,0.07216679179179179
Juillet 2023,Mardi 10h,348.38468443443446
Juillet 2023,Mardi 11h,426.5251031031031
Juillet 2023,Mardi 12h,467.67949924924926
Juillet 2023,Mardi 13h,502.9593061811812
Juillet 2023,Mardi 14h,507.8260719469469
Juillet 2023,Mardi 15h,479.0843467217217
Juillet 2023,Mardi 16h,446.5500538038038
Juillet 2023,Mardi 17h,389.50901626626626
Juillet 2023,Mardi 18h,301.40800538038036
Juillet 2023,Mardi 19h,194.2146121121121
Juillet 2023,Mardi 1h,0.0
Juillet 2023,Mardi 20h,87.17656844344344
Juillet 2023,Mardi 21h,14.835514389389392
Juillet 2023,Mardi 22h,1.4206134884884887
Juillet 2023,Mardi 23h,0.40116954454454457
Juillet 2023,Mardi 2h,0.0
Juillet 2023,Mardi 3h,0.0
Juillet 2023,Mardi 4h,0.0
Juillet 2023,Mardi 5h,1.3819555805805808
Juillet 2023,Mardi 6h,5.99474612112112
Juillet 2023,Mardi 7h,40.671698073073074
Juillet 2023,Mardi 8h,132.08290565565568
Juillet 2023,Mardi 9h,243.545779029029
Juillet 2023,Mercredi 0h,0.0726768018018018
Juillet 2023,Mercredi 10h,353.34224787287286
Juillet 2023,Mercredi 11h,435.88585873373376
Juillet 2023,Mercredi 12h,479.47501964464465
Juillet 2023,Mercredi 13h,517.6926968218219
Juillet 2023,Mercredi 14h,521.684048048048
Juillet 2023,Mercredi 15h,491.35982757757756
Juillet 2023,Mercredi 16h,451.9902895395395
Juillet 2023,Mercredi 17h,391.92858871371374
Juillet 2023,Mercredi 18h,300.8903473473473
Juillet 2023,Mercredi 19h,191.37815865865866
Juillet 2023,Mercredi 1h,0.0
Juillet 2023,Mercredi 20h,85.08159309309309
Juillet 2023,Mercredi 21h,14.350282032032032
Juillet 2023,Mercredi 22h,1.5845332832832832
Juillet 2023,Mercredi 23h,0.3696587837837838
Juillet 2023,Mercredi 2h,0.0
Juillet 2023,Mercredi 3h,0.0
Juillet 2023,Mercredi 4h,0.0
Juillet 2023,Mercredi 5h,1.382873873873874
Juillet 2023,Mercredi 6h,5.775001626626627
Juillet 2023,Mercredi 7h,40.72630342842843
Juillet 2023,Mercredi 8h,133.21177515015015
Juillet 2023,Mercredi 9h,246.72564214214214
Juillet 2023,Samedi 0h,0.07976241866866868
Juillet 2023,Samedi 10h,324.53317614489487
Juillet 2023,Samedi 11h,399.598031468969
Juillet 2023,Samedi 12h,432.83005755755755
Juillet 2023,Samedi 13h,469.32632351101097
Juillet 2023,Samedi 14h,473.35429961211213
Juillet 2023,Samedi 15h,452.7259958395896
Juillet 2023,Samedi 16h,412.1944968405906
Juillet 2023,Samedi 17h,362.7617575387888
Juillet 2023,Samedi 18h,281.54004285535535
Juillet 2023,Samedi 19h,182.3139106293794
Juillet 2023,Samedi 1h,0.0
Juillet 2023,Samedi 20h,83.1698389014014
Juillet 2023,Samedi 21h,14.806686061061061
Juillet 2023,Samedi 22h,1.4561793043043043
Juillet 2023,Samedi 23h,0.34609468843843844
Juillet 2023,Samedi 2h,0.0
Juillet 2023,Samedi 3h,0.0
Juillet 2023,Samedi 4h,0.0
Juillet 2023,Samedi 5h,1.3401373248248247
Juillet 2023,Samedi 6h,5.707797484984985
Juillet 2023,Samedi 7h,37.45344062812813
Juillet 2023,Samedi 8h,122.21519973098097
Juillet 2023,Samedi 9h,226.72284972472474
Juillet 2023,Vendredi 0h,0.0743527902902903
Juillet 2023,Vendredi 10h,328.8541336649149
Juillet 2023,Vendredi 11h,402.2629405968468
Juillet 2023,Vendredi 12h,436.15006052927924
Juillet 2023,Vendredi 13h,473.4687159034034
Juillet 2023,Vendredi 14h,478.00327608858856
Juillet 2023,Vendredi 15h,442.66816566566564
Juillet 2023,Vendredi 16h,414.8104420045045
Juillet 2023,Vendredi 17h,360.88404169794796
Juillet 2023,Vendredi 18h,277.9426351351351
Juillet 2023,Vendredi 19h,180.72555821446446
Juillet 2023,Vendredi 1h,0.0
Juillet 2023,Vendredi 20h,80.36977852852853
Juillet 2023,Vendredi 21h,14.404623216966966
Juillet 2023,Vendredi 22h,1.6511290978478477
Juillet 2023,Vendredi 23h,0.38240850225225226
Juillet 2023,Vendredi 2h,0.0
Juillet 2023,Vendredi 3h,0.0
Juillet 2023,Vendredi 4h,0.0
Juillet 2023,Vendredi 5h,1.3196133633633633
Juillet 2023,Vendredi 6h,5.632060497997998
Juillet 2023,Vendredi 7h,38.19614583333333
Juillet 2023,Vendredi 8h,124.76681024774776
Juillet 2023,Vendredi 9h,229.21003831956958
Juin 2023,Dimanche 0h,0.11474974974974975
Juin 2023,Dimanche 10h,374.25034597097095
Juin 2023,Dimanche 11h,449.8319274274274
Juin 2023,Dimanche 12h,490.65266941941934
Juin 2023,Dimanche 13h,519.5142924174174
Juin 2023,Dimanche 14h,522.9268682432432
Juin 2023,Dimanche 15h,494.0613652402402
Juin 2023,Dimanche 16h,452.52182970470466
Juin 2023,Dimanche 17h,388.9007597597598
Juin 2023,Dimanche 18h,300.31828003003
Juin 2023,Dimanche 19h,191.19352402402401
Juin 2023,Dimanche 1h,0.0
Juin 2023,Dimanche 20h,87.67556031031032
Juin 2023,Dimanche 21h,16.568388513513515
Juin 2023,Dimanche 22h,1.5801243743743743
Juin 2023,Dimanche 23h,0.3687815315315316
Juin 2023,Dimanche 2h,0.0
Juin 2023,Dimanche 3h,0.0
Juin 2023,Dimanche 4h,0.0
Juin 2023,Dimanche 5h,1.3720289039039038
Juin 2023,Dimanche 6h,6.613906281281281
Juin 2023,Dimanche 7h,55.20655905905905
Juin 2023,Dimanche 8h,152.5101216216216
Juin 2023,Dimanche 9h,266.6932143393393
Juin 2023,Jeudi 0h,0.11578953953953953
Juin 2023,Jeudi 10h,346.4985607482482
Juin 2023,Jeudi 11h,425.65993775025026
Juin 2023,Jeudi 12h,457.6334259259259
Juin 2023,Jeudi 13h,487.91129395020016
Juin 2023,Jeudi 14h,493.03830220845845
Juin 2023,Jeudi 15h,471.79039883633635
Juin 2023,Jeudi 16h,433.4711619431932
Juin 2023,Jeudi 17h,372.04011605355356
Juin 2023,Jeudi 18h,286.360620777027
Juin 2023,Jeudi 19h,182.40090715715715
Juin 2023,Jeudi 1h,0.0
Juin 2023,Jeudi 20h,81.52597253503504
Juin 2023,Jeudi 21h,15.70128957082082
Juin 2023,Jeudi 22h,1.6740346596596596
Juin 2023,Jeudi 23h,0.34157000750750754
Juin 2023,Jeudi 2h,0.0
Juin 2023,Jeudi 3h,0.0
Juin 2023,Jeudi 4h,0.0
Juin 2023,Jeudi 5h,1.3868552927927928
Juin 2023,Jeudi 6h,6.735718843843843
Juin 2023,Jeudi 7h,53.212539414414415
Juin 2023,Jeudi 8h,145.3976809622122
Juin 2023,Jeudi 9h,250.35158517892893
Juin 2023,Lundi 0h,0.10464245495495496
Juin 2023,Lundi 10h,360.72386370745744
Juin 2023,Lundi 11h,436.11309293668666
Juin 2023,Lundi 12h,470.2858159722222
Juin 2023,Lundi 13h,497.7314971221221
Juin 2023,Lundi 14h,498.15754817317315
Juin 2023,Lundi 15h,469.70086946321317
Juin 2023,Lundi 16h,431.8353985235235
Juin 2023,Lundi 17h,363.8312329517017
Juin 2023,Lundi 18h,277.96553788163163
Juin 2023,Lundi 19h,177.8432113363363
Juin 2023,Lundi 1h,0.0
Juin 2023,Lundi 20h,82.1220457957958
Juin 2023,Lundi 21h,15.555965183933935
Juin 2023,Lundi 22h,1.7808306744244244
Juin 2023,Lundi 23h,0.3636946321321321
Juin 2023,Lundi 2h,0.0
Juin 2023,Lundi 3h,0.0
Juin 2023,Lundi 4h,0.0
Juin 2023,Lundi 5h,1.400961742992993
Juin 2023,Lundi 6h,7.070687718968968
Juin 2023,Lundi 7h,55.51940894019019
Juin 2023,Lundi 8h,151.57179851726727
Juin 2023,Lundi 9h,263.025942505005
Juin 2023,Mardi 0h,0.10821602852852853
Juin 2023,Mardi 10h,357.3332709271772
Juin 2023,Mardi 11h,436.32027590090087
Juin 2023,Mardi 12h,478.4122625750751
Juin 2023,Mardi 13h,501.93184496997
Juin 2023,Mardi 14h,503.67832410535533
Juin 2023,Mardi 15h,476.4435818631131
Juin 2023,Mardi 16h,443.92144847972975
Juin 2023,Mardi 17h,386.26300237737735
Juin 2023,Mardi 18h,297.1045942817818
Juin 2023,Mardi 19h,192.59507038288288
Juin 2023,Mardi 1h,0.0
Juin 2023,Mardi 20h,89.04057713963964
Juin 2023,Mardi 21h,16.703859328078078
Juin 2023,Mardi 22h,1.650675362862863
Juin 2023,Mardi 23h,0.35088698073073077
Juin 2023,Mardi 2h,0.0
Juin 2023,Mardi 3h,0.0
Juin 2023,Mardi 4h,0.0
Juin 2023,Mardi 5h,1.4353950825825825
Juin 2023,Mardi 6h,6.89688892017017
Juin 2023,Mardi 7h,54.16618587337337
Juin 2023,Mardi 8h,147.0752322635135
Juin 2023,Mardi 9h,257.2607082082082
Juin 2023,Mercredi 0h,0.11701858108108107
Juin 2023,Mercredi 10h,357.4759612737738
Juin 2023,Mercredi 11h,428.4170525212713
Juin 2023,Mercredi 12h,474.7289960272773
Juin 2023,Mercredi 13h,505.33219891766765
Juin 2023,Mercredi 14h,510.4062931681682
Juin 2023,Mercredi 15h,487.8852211586586
Juin 2023,Mercredi 16h,447.6979468531031
Juin 2023,Mercredi 17h,380.02452061436435
Juin 2023,Mercredi 18h,287.02783799424424
Juin 2023,Mercredi 19h,183.2234522022022
Juin 2023,Mercredi 1h,0.0
Juin 2023,Mercredi 20h,83.46113942067066
Juin 2023,Mercredi 21h,15.599862987987986
Juin 2023,Mercredi 22h,1.5355355355355353
Juin 2023,Mercredi 23h,0.3409683120620621
Juin 2023,Mercredi 2h,0.0
Juin 2023,Mercredi 3h,0.0
Juin 2023,Mercredi 4h,0.0
Juin 2023,Mercredi 5h,1.3639444131631633
Juin 2023,Mercredi 6h,6.6433252002002
Juin 2023,Mercredi 7h,55.20152496246246
Juin 2023,Mercredi 8h,149.45154404404406
Juin 2023,Mercredi 9h,258.5463233546046
Juin 2023,Samedi 0h,0.10932657657657656
Juin 2023,Samedi 10h,337.3451422672673
Juin 2023,Samedi 11h,405.7373179429429
Juin 2023,Samedi 12h,443.9179286786787
Juin 2023,Samedi 13h,474.0128253253253
Juin 2023,Samedi 14h,478.8887653903904
Juin 2023,Samedi 15h,452.96461336336336
Juin 2023,Samedi 16h,418.6237842842843
Juin 2023,Samedi 17h,360.1638682432432
Juin 2023,Samedi 18h,276.56090265265266
Juin 2023,Samedi 19h,179.20795057557558
Juin 2023,Samedi 1h,0.0
Juin 2023,Samedi 20h,82.2470477977978
Juin 2023,Samedi 21h,16.089653653653652
Juin 2023,Samedi 22h,1.5831168668668667
Juin 2023,Samedi 23h,0.34813113113113114
Juin 2023,Samedi 2h,0.0
Juin 2023,Samedi 3h,0.0
Juin 2023,Samedi 4h,0.0
Juin 2023,Samedi 5h,1.4149997497497497
Juin 2023,Samedi 6h,6.623728603603604
Juin 2023,Samedi 7h,51.05366666666667
Juin 2023,Samedi 8h,139.08498435935934
Juin 2023,Samedi 9h,243.25641504004003
Juin 2023,Vendredi 0h,0.10981403278278279
Juin 2023,Vendredi 10h,343.6439184496997
Juin 2023,Vendredi 11h,414.7915495182683
Juin 2023,Vendredi 12h,458.30518956456456
Juin 2023,Vendredi 13h,492.7473758133133
Juin 2023,Vendredi 14h,497.587939502002
Juin 2023,Vendredi 15h,469.69801739239233
Juin 2023,Vendredi 16h,434.97079266766764
Juin 2023,Vendredi 17h,371.6982102414915
Juin 2023,Vendredi 18h,285.3633721221221
Juin 2023,Vendredi 19h,183.38405827702704
Juin 2023,Vendredi 1h,0.0
Juin 2023,Vendredi 20h,84.10920091966968
Juin 2023,Vendredi 21h,16.48403856981982
Juin 2023,Vendredi 22h,1.618610329079079
Juin 2023,Vendredi 23h,0.3430780780780781
Juin 2023,Vendredi 2h,0.0
Juin 2023,Vendredi 3h,0.0
Juin 2023,Vendredi 4h,0.0
Juin 2023,Vendredi 5h,1.3409504817317317
Juin 2023,Vendredi 6h,6.5057157157157155
Juin 2023,Vendredi 7h,50.982250844594596
Juin 2023,Vendredi 8h,140.70610860860862
Juin 2023,Vendredi 9h,246.40482795295296
Mai 2023,Dimanche 0h,0.060411974474474474
Mai 2023,Dimanche 10h,316.02677396146146
Mai 2023,Dimanche 11h,387.04725506756756
Mai 2023,Dimanche 12h,422.52927959209205
Mai 2023,Dimanche 13h,455.4178764702202
Mai 2023,Dimanche 14h,454.13085773273275
Mai 2023,Dimanche 15h,428.4541184934935
Mai 2023,Dimanche 16h,383.9370978791291
Mai 2023,Dimanche 17h,325.05096002252253
Mai 2023,Dimanche 18h,233.97629160410412
Mai 2023,Dimanche 19h,139.74192551926927
Mai 2023,Dimanche 1h,0.0
Mai 2023,Dimanche 20h,51.099007444944945
Mai 2023,Dimanche 21h,5.497707238488489
Mai 2023,Dimanche 22h,1.196493211961962
Mai 2023,Dimanche 23h,0.4453178178178178
Mai 2023,Dimanche 2h,0.0
Mai 2023,Dimanche 3h,0.0
Mai 2023,Dimanche 4h,0.0
Mai 2023,Dimanche 5h,2.2177080205205204
Mai 2023,Dimanche 6h,6.8811226851851846
Mai 2023,Dimanche 7h,36.7146166478979
Mai 2023,Dimanche 8h,121.45334131006007
Mai 2023,Dimanche 9h,223.0843576388889
Mai 2023,Jeudi 0h,0.054925300300300295
Mai 2023,Jeudi 10h,319.76620232732733
Mai 2023,Jeudi 11h,391.22840077577575
Mai 2023,Jeudi 12h,425.80568080580576
Mai 2023,Jeudi 13h,455.2769937437437
Mai 2023,Jeudi 14h,457.7105042542542
Mai 2023,Jeudi 15h,431.3001642892893
Mai 2023,Jeudi 16h,388.32668043043043
Mai 2023,Jeudi 17h,330.82325175175174
Mai 2023,Jeudi 18h,238.7216303803804
Mai 2023,Jeudi 19h,144.5010148898899
Mai 2023,Jeudi 1h,0.0
Mai 2023,Jeudi 20h,53.69529054054054
Mai 2023,Jeudi 21h,6.473016891891892
Mai 2023,Jeudi 22h,1.1281204954954955
Mai 2023,Jeudi 23h,0.47213313313313315
Mai 2023,Jeudi 2h,0.0
Mai 2023,Jeudi 3h,0.0
Mai 2023,Jeudi 4h,0.0
Mai 2023,Jeudi 5h,2.192238988988989
Mai 2023,Jeudi 6h,6.933963963963964
Mai 2023,Jeudi 7h,37.42167004504505
Mai 2023,Jeudi 8h,121.51035660660659
Mai 2023,Jeudi 9h,224.29746784284285
Mai 2023,Lundi 0h,0.06044169169169169
Mai 2023,Lundi 10h,325.13423845720723
Mai 2023,Lundi 11h,396.4813053678679
Mai 2023,Lundi 12h,433.7199496371371
Mai 2023,Lundi 13h,464.92799924924924
Mai 2023,Lundi 14h,454.3909152902903
Mai 2023,Lundi 15h,439.5248703390891
Mai 2023,Lundi 16h,392.0644230167668
Mai 2023,Lundi 17h,331.88051129254256
Mai 2023,Lundi 18h,241.5080275588088
Mai 2023,Lundi 19h,144.75458521021022
Mai 2023,Lundi 1h,0.0
Mai 2023,Lundi 20h,53.17778653653654
Mai 2023,Lundi 21h,5.834668262012013
Mai 2023,Lundi 22h,1.2184847347347347
Mai 2023,Lundi 23h,0.47048251376376377
Mai 2023,Lundi 2h,0.0
Mai 2023,Lundi 3h,0.0
Mai 2023,Lundi 4h,0.0
Mai 2023,Lundi 5h,2.118705580580581
Mai 2023,Lundi 6h,6.593615021271271
Mai 2023,Lundi 7h,37.35387981731732
Mai 2023,Lundi 8h,121.85269754129129
Mai 2023,Lundi 9h,228.1947431806807
Mai 2023,Mardi 0h,0.05845658158158158
Mai 2023,Mardi 10h,315.1915883070571
Mai 2023,Mardi 11h,386.34346971971974
Mai 2023,Mardi 12h,424.3542042042042
Mai 2023,Mardi 13h,448.2994022147147
Mai 2023,Mardi 14h,450.04569413163165
Mai 2023,Mardi 15h,424.2554901776777
Mai 2023,Mardi 16h,381.04229448198197
Mai 2023,Mardi 17h,319.71274743493495
Mai 2023,Mardi 18h,229.57168371496496
Mai 2023,Mardi 19h,139.50225147022022
Mai 2023,Mardi 1h,0.0
Mai 2023,Mardi 20h,52.4779222972973
Mai 2023,Mardi 21h,6.088070883383383
Mai 2023,Mardi 22h,1.1831318818818817
Mai 2023,Mardi 23h,0.4446169607107107
Mai 2023,Mardi 2h,0.0
Mai 2023,Mardi 3h,0.0
Mai 2023,Mardi 4h,0.0
Mai 2023,Mardi 5h,2.03641626001001
Mai 2023,Mardi 6h,6.543829767267267
Mai 2023,Mardi 7h,37.564252846596595
Mai 2023,Mardi 8h,119.43364348723723
Mai 2023,Mardi 9h,220.74637543793793
Mai 2023,Mercredi 0h,0.058151401401401404
Mai 2023,Mercredi 10h,316.37511736736735
Mai 2023,Mercredi 11h,384.5284976226226
Mai 2023,Mercredi 12h,413.69744907407403
Mai 2023,Mercredi 13h,439.39805918418415
Mai 2023,Mercredi 14h,437.73521584084085
Mai 2023,Mercredi 15h,413.2262271021021
Mai 2023,Mercredi 16h,369.51032194694693
Mai 2023,Mercredi 17h,314.82633783783785
Mai 2023,Mercredi 18h,229.82283883883883
Mai 2023,Mercredi 19h,137.2484886136136
Mai 2023,Mercredi 1h,0.0
Mai 2023,Mercredi 20h,50.899153028028024
Mai 2023,Mercredi 21h,6.0092381131131125
Mai 2023,Mercredi 22h,1.036142017017017
Mai 2023,Mercredi 23h,0.42541241241241246
Mai 2023,Mercredi 2h,0.0
Mai 2023,Mercredi 3h,0.0
Mai 2023,Mercredi 4h,0.0
Mai 2023,Mercredi 5h,2.3168148148148147
Mai 2023,Mercredi 6h,7.112509634634634
Mai 2023,Mercredi 7h,37.11611611611612
Mai 2023,Mercredi 8h,120.00343618618619
Mai 2023,Mercredi 9h,222.4465479229229
Mai 2023,Samedi 0h,0.051637575075075076
Mai 2023,Samedi 10h,345.11349693443447
Mai 2023,Samedi 11h,423.9814345595596
Mai 2023,Samedi 12h,466.2813363363363
Mai 2023,Samedi 13h,497.89066191191193
Mai 2023,Samedi 14h,493.6735884321822
Mai 2023,Samedi 15h,465.4771042917918
Mai 2023,Samedi 16h,410.90604385635635
Mai 2023,Samedi 17h,341.68856794294294
Mai 2023,Samedi 18h,240.33651542167166
Mai 2023,Samedi 19h,143.16702546296295
Mai 2023,Samedi 1h,0.0
Mai 2023,Samedi 20h,51.57101648523523
Mai 2023,Samedi 21h,5.609123185685686
Mai 2023,Samedi 22h,1.1188791916916918
Mai 2023,Samedi 23h,0.4723262324824825
Mai 2023,Samedi 2h,0.0
Mai 2023,Samedi 3h,0.0
Mai 2023,Samedi 4h,0.0
Mai 2023,Samedi 5h,2.272320289039039
Mai 2023,Samedi 6h,6.922322791541541
Mai 2023,Samedi 7h,38.68471033533534
Mai 2023,Samedi 8h,130.9627658908909
Mai 2023,Samedi 9h,238.44474036536533
Mai 2023,Vendredi 0h,0.06238038038038037
Mai 2023,Vendredi 10h,330.9824059059059
Mai 2023,Vendredi 11h,406.8284197947948
Mai 2023,Vendredi 12h,447.5479076576577
Mai 2023,Vendredi 13h,477.70269519519525
Mai 2023,Vendredi 14h,477.05837862862865
Mai 2023,Vendredi 15h,450.8414263013013
Mai 2023,Vendredi 16h,406.70713826326323
Mai 2023,Vendredi 17h,344.8688450950951
Mai 2023,Vendredi 18h,250.2736493993994
Mai 2023,Vendredi 19h,151.546628003003
Mai 2023,Vendredi 1h,0.0
Mai 2023,Vendredi 20h,56.9295945945946
Mai 2023,Vendredi 21h,6.431092967967968
Mai 2023,Vendredi 22h,1.0476774274274274
Mai 2023,Vendredi 23h,0.45841604104104106
Mai 2023,Vendredi 2h,0.0
Mai 2023,Vendredi 3h,0.0
Mai 2023,Vendredi 4h,0.0
Mai 2023,Vendredi 5h,2.1722356106106107
Mai 2023,Vendredi 6h,6.802644394394394
Mai 2023,Vendredi 7h,38.765725225225225
Mai 2023,Vendredi 8h,124.7233347097097
Mai 2023,Vendredi 9h,231.23277540040039
Mars 2023,Dimanche 0h,0.0016188688688688689
Mars 2023,Dimanche 10h,237.4984674674675
Mars 2023,Dimanche 11h,297.8684209209209
Mars 2023,Dimanche 12h,335.17362875375375
Mars 2023,Dimanche 13h,336.94154429429426
Mars 2023,Dimanche 14h,329.1437972972973
Mars 2023,Dimanche 15h,287.05883971471474
Mars 2023,Dimanche 16h,226.2010233983984
Mars 2023,Dimanche 17h,148.7065608108108
Mars 2023,Dimanche 18h,64.14981606606607
Mars 2023,Dimanche 19h,19.123083583583586
Mars 2023,Dimanche 1h,0.0
Mars 2023,Dimanche 20h,4.338593718718718
Mars 2023,Dimanche 21h,2.26215015015015
Mars 2023,Dimanche 22h,0.5829481981981982
Mars 2023,Dimanche 23h,0.025184184184184184
Mars 2023,Dimanche 2h,0.0
Mars 2023,Dimanche 3h,0.12846433933933935
Mars 2023,Dimanche 4h,3.1249054054054053
Mars 2023,Dimanche 5h,8.023335085085085
Mars 2023,Dimanche 6h,12.21941579079079
Mars 2023,Dimanche 7h,17.010632257257257
Mars 2023,Dimanche 8h,61.08920720720721
Mars 2023,Dimanche 9h,154.63358145645645
Mars 2023,Jeudi 0h,0.0
Mars 2023,Jeudi 10h,244.65781140515517
Mars 2023,Jeudi 11h,313.1831259384385
Mars 2023,Jeudi 12h,353.75276244994996
Mars 2023,Jeudi 13h,354.65082347972975
Mars 2023,Jeudi 14h,348.19749937437433
Mars 2023,Jeudi 15h,301.5824009947447
Mars 2023,Jeudi 16h,236.28621418293292
Mars 2023,Jeudi 17h,155.39630270895896
Mars 2023,Jeudi 18h,68.16594328703704
Mars 2023,Jeudi 19h,19.896873905155154
Mars 2023,Jeudi 1h,0.0
Mars 2023,Jeudi 20h,4.649065315315315
Mars 2023,Jeudi 21h,2.6493795357857857
Mars 2023,Jeudi 22h,0.7540409159159159
Mars 2023,Jeudi 23h,0.055330330330330336
Mars 2023,Jeudi 2h,0.0
Mars 2023,Jeudi 3h,0.11568271396396396
Mars 2023,Jeudi 4h,3.0657532532532534
Mars 2023,Jeudi 5h,7.765338776276276
Mars 2023,Jeudi 6h,11.94761011011011
Mars 2023,Jeudi 7h,16.429598035535534
Mars 2023,Jeudi 8h,60.331615521771774
Mars 2023,Jeudi 9h,154.78828203203204
Mars 2023,Lundi 0h,0.0
Mars 2023,Lundi 10h,247.10858499124123
Mars 2023,Lundi 11h,300.6365437312312
Mars 2023,Lundi 12h,338.94180023773777
Mars 2023,Lundi 13h,334.9257906343844
Mars 2023,Lundi 14h,321.76592655155156
Mars 2023,Lundi 15h,274.91190268393393
Mars 2023,Lundi 16h,211.1057835960961
Mars 2023,Lundi 17h,125.47484500125125
Mars 2023,Lundi 18h,39.23551895645646
Mars 2023,Lundi 19h,5.3584647147147155
Mars 2023,Lundi 1h,0.0
Mars 2023,Lundi 20h,3.833414821071071
Mars 2023,Lundi 21h,2.0059784784784784
Mars 2023,Lundi 22h,0.3441330392892893
Mars 2023,Lundi 23h,0.007336711711711711
Mars 2023,Lundi 2h,0.0
Mars 2023,Lundi 3h,0.13905499249249248
Mars 2023,Lundi 4h,3.9418770332832835
Mars 2023,Lundi 5h,9.043771271271272
Mars 2023,Lundi 6h,13.300060998498498
Mars 2023,Lundi 7h,18.33098801926927
Mars 2023,Lundi 8h,70.72442927302302
Mars 2023,Lundi 9h,162.80412037037036
Mars 2023,Mardi 0h,0.0
Mars 2023,Mardi 10h,268.68758946446445
Mars 2023,Mardi 11h,332.8167342342342
Mars 2023,Mardi 12h,371.31908142517517
Mars 2023,Mardi 13h,366.18506694194195
Mars 2023,Mardi 14h,354.2958869807307
Mars 2023,Mardi 15h,303.7560449512012
Mars 2023,Mardi 16h,229.59003550425425
Mars 2023,Mardi 17h,135.8347533470971
Mars 2023,Mardi 18h,41.772756193693695
Mars 2023,Mardi 19h,5.228927521271271
Mars 2023,Mardi 1h,0.0
Mars 2023,Mardi 20h,3.692940753253253
Mars 2023,Mardi 21h,2.0329263638638637
Mars 2023,Mardi 22h,0.32561311311311314
Mars 2023,Mardi 23h,0.00791385135135135
Mars 2023,Mardi 2h,0.0
Mars 2023,Mardi 3h,0.13180101976976977
Mars 2023,Mardi 4h,3.934329485735736
Mars 2023,Mardi 5h,8.937248342092092
Mars 2023,Mardi 6h,13.163864802302301
Mars 2023,Mardi 7h,18.619458364614616
Mars 2023,Mardi 8h,77.05204970595597
Mars 2023,Mardi 9h,177.20097456831832
Mars 2023,Mercredi 0h,0.0
Mars 2023,Mercredi 10h,282.56954172922923
Mars 2023,Mercredi 11h,342.52838135010006
Mars 2023,Mercredi 12h,374.2225240865866
Mars 2023,Mercredi 13h,365.65631694194195
Mars 2023,Mercredi 14h,350.8535205518018
Mars 2023,Mercredi 15h,300.3897708646146
Mars 2023,Mercredi 16h,229.74220439189187
Mars 2023,Mercredi 17h,138.14436076701702
Mars 2023,Mercredi 18h,44.028926113613615
Mars 2023,Mercredi 19h,5.462837681431432
Mars 2023,Mercredi 1h,0.0
Mars 2023,Mercredi 20h,3.7944291166166164
Mars 2023,Mercredi 21h,2.0010462024524522
Mars 2023,Mercredi 22h,0.335815503003003
Mars 2023,Mercredi 23h,0.008095126376376376
Mars 2023,Mercredi 2h,0.0
Mars 2023,Mercredi 3h,0.1299558933933934
Mars 2023,Mercredi 4h,4.048982576326326
Mars 2023,Mercredi 5h,9.160440440440441
Mars 2023,Mercredi 6h,13.609266453953953
Mars 2023,Mercredi 7h,19.43803444069069
Mars 2023,Mercredi 8h,80.45418089964966
Mars 2023,Mercredi 9h,181.96881694194195
Mars 2023,Samedi 0h,0.0015823323323323323
Mars 2023,Samedi 10h,247.20952615115115
Mars 2023,Samedi 11h,310.9909325575576
Mars 2023,Samedi 12h,351.7298213213213
Mars 2023,Samedi 13h,350.941748998999
Mars 2023,Samedi 14h,341.6739812312312
Mars 2023,Samedi 15h,296.5747563813814
Mars 2023,Samedi 16h,227.46823748748747
Mars 2023,Samedi 17h,143.2498038038038
Mars 2023,Samedi 18h,56.603924049049056
Mars 2023,Samedi 19h,15.896862737737738
Mars 2023,Samedi 1h,0.0
Mars 2023,Samedi 20h,4.504593593593594
Mars 2023,Samedi 21h,2.4366340090090093
Mars 2023,Samedi 22h,0.7011168668668668
Mars 2023,Samedi 23h,0.030759384384384386
Mars 2023,Samedi 2h,0.0
Mars 2023,Samedi 3h,0.12977777777777777
Mars 2023,Samedi 4h,3.1705988488488486
Mars 2023,Samedi 5h,7.902882882882883
Mars 2023,Samedi 6h,11.954499624624626
Mars 2023,Samedi 7h,16.4797733983984
Mars 2023,Samedi 8h,61.90791378878879
Mars 2023,Samedi 9h,156.16700012512513
Mars 2023,Vendredi 0h,0.001585835835835836
Mars 2023,Vendredi 10h,243.26455505505504
Mars 2023,Vendredi 11h,310.45667042042044
Mars 2023,Vendredi 12h,352.13484034034036
Mars 2023,Vendredi 13h,353.21524637137134
Mars 2023,Vendredi 14h,342.28410523023024
Mars 2023,Vendredi 15h,295.443514014014
Mars 2023,Vendredi 16h,228.40382257257255
Mars 2023,Vendredi 17h,145.7196676676677
Mars 2023,Vendredi 18h,58.4826066066066
Mars 2023,Vendredi 19h,15.991199324324324
Mars 2023,Vendredi 1h,0.0
Mars 2023,Vendredi 20h,4.210802677677678
Mars 2023,Vendredi 21h,2.372168918918919
Mars 2023,Vendredi 22h,0.6949197947947947
Mars 2023,Vendredi 23h,0.03706681681681682
Mars 2023,Vendredi 2h,0.0
Mars 2023,Vendredi 3h,0.1449994994994995
Mars 2023,Vendredi 4h,3.3456132382382378
Mars 2023,Vendredi 5h,8.192273773773774
Mars 2023,Vendredi 6h,12.2371498998999
Mars 2023,Vendredi 7h,16.496046046046047
Mars 2023,Vendredi 8h,57.725121621621625
Mars 2023,Vendredi 9h,151.46333946446447
Novembre 2023,Dimanche 0h,0.0
Novembre 2023,Dimanche 10h,119.44024055305306
Novembre 2023,Dimanche 11h,163.85649368118118
Novembre 2023,Dimanche 12h,184.47692786536535
Novembre 2023,Dimanche 13h,180.6512987987988
Novembre 2023,Dimanche 14h,152.78320148273275
Novembre 2023,Dimanche 15h,104.0013013013013
Novembre 2023,Dimanche 16h,53.24814814814815
Novembre 2023,Dimanche 17h,8.453650212712711
Novembre 2023,Dimanche 18h,4.750838494744745
Novembre 2023,Dimanche 19h,3.633400588088088
Novembre 2023,Dimanche 1h,0.0
Novembre 2023,Dimanche 20h,2.2648238863863863
Novembre 2023,Dimanche 21h,0.8815121371371372
Novembre 2023,Dimanche 22h,0.039728478478478484
Novembre 2023,Dimanche 23h,0.0
Novembre 2023,Dimanche 2h,0.0
Novembre 2023,Dimanche 3h,3.2435377565065067
Novembre 2023,Dimanche 4h,8.585251501501501
Novembre 2023,Dimanche 5h,13.592094281781781
Novembre 2023,Dimanche 6h,17.566417667667668
Novembre 2023,Dimanche 7h,19.754004786036038
Novembre 2023,Dimanche 8h,24.805583395895894
Novembre 2023,Dimanche 9h,70.5031321946947
Novembre 2023,Jeudi 0h,0.0
Novembre 2023,Jeudi 10h,115.2872289476977
Novembre 2023,Jeudi 11h,162.16837697072071
Novembre 2023,Jeudi 12h,185.74920733233233
Novembre 2023,Jeudi 13h,181.76627533783784
Novembre 2023,Jeudi 14h,153.65410598098097
Novembre 2023,Jeudi 15h,103.0294871433934
Novembre 2023,Jeudi 16h,49.98403638013013
Novembre 2023,Jeudi 17h,7.413964276776777
Novembre 2023,Jeudi 18h,4.565900588088088
Novembre 2023,Jeudi 19h,3.616378566066066
Novembre 2023,Jeudi 1h,0.0
Novembre 2023,Jeudi 20h,2.437995026276276
Novembre 2023,Jeudi 21h,0.9670558058058057
Novembre 2023,Jeudi 22h,0.03786599099099099
Novembre 2023,Jeudi 23h,0.0
Novembre 2023,Jeudi 2h,0.0
Novembre 2023,Jeudi 3h,3.225876032282282
Novembre 2023,Jeudi 4h,8.620084146646647
Novembre 2023,Jeudi 5h,13.411175706956957
Novembre 2023,Jeudi 6h,16.792799518268268
Novembre 2023,Jeudi 7h,18.023807557557557
Novembre 2023,Jeudi 8h,21.980310935935936
Novembre 2023,Jeudi 9h,64.34616382007007
Novembre 2023,Lundi 0h,0.0
Novembre 2023,Lundi 10h,118.36589808558558
Novembre 2023,Lundi 11h,164.23737894144142
Novembre 2023,Lundi 12h,183.74908095595595
Novembre 2023,Lundi 13h,177.36524962462462
Novembre 2023,Lundi 14h,152.90234578328327
Novembre 2023,Lundi 15h,103.29832692067068
Novembre 2023,Lundi 16h,52.185299518268266
Novembre 2023,Lundi 17h,8.29811233108108
Novembre 2023,Lundi 18h,4.9262867555055045
Novembre 2023,Lundi 19h,3.831155686936937
Novembre 2023,Lundi 1h,0.0
Novembre 2023,Lundi 20h,2.3775930618118117
Novembre 2023,Lundi 21h,0.9371103916416417
Novembre 2023,Lundi 22h,0.04230339714714715
Novembre 2023,Lundi 23h,0.0
Novembre 2023,Lundi 2h,0.0
Novembre 2023,Lundi 3h,3.190720095095095
Novembre 2023,Lundi 4h,8.533600475475476
Novembre 2023,Lundi 5h,13.391770364114114
Novembre 2023,Lundi 6h,16.924397366116118
Novembre 2023,Lundi 7h,18.495959866116117
Novembre 2023,Lundi 8h,23.51865865865866
Novembre 2023,Lundi 9h,69.10264123498499
Novembre 2023,Mardi 0h,0.0
Novembre 2023,Mardi 10h,124.01913741866866
Novembre 2023,Mardi 11h,172.37619478853853
Novembre 2023,Mardi 12h,193.7969044044044
Novembre 2023,Mardi 13h,187.28728838213215
Novembre 2023,Mardi 14h,158.45301582832832
Novembre 2023,Mardi 15h,106.54336946321321
Novembre 2023,Mardi 16h,52.404842967967966
Novembre 2023,Mardi 17h,7.856276745495496
Novembre 2023,Mardi 18h,4.783886699199199
Novembre 2023,Mardi 19h,3.7548204454454455
Novembre 2023,Mardi 1h,0.0
Novembre 2023,Mardi 20h,2.425569319319319
Novembre 2023,Mardi 21h,0.8637693943943944
Novembre 2023,Mardi 22h,0.042000125125125125
Novembre 2023,Mardi 23h,0.0
Novembre 2023,Mardi 2h,0.0
Novembre 2023,Mardi 3h,3.267830173923924
Novembre 2023,Mardi 4h,8.670407438688688
Novembre 2023,Mardi 5h,13.821001001001001
Novembre 2023,Mardi 6h,17.277108045545546
Novembre 2023,Mardi 7h,18.93333474099099
Novembre 2023,Mardi 8h,23.445077577577578
Novembre 2023,Mardi 9h,69.87097613238238
Novembre 2023,Mercredi 0h,0.0
Novembre 2023,Mercredi 10h,122.45996199324324
Novembre 2023,Mercredi 11h,171.51193834459457
Novembre 2023,Mercredi 12h,194.36629723473473
Novembre 2023,Mercredi 13h,189.26368227602603
Novembre 2023,Mercredi 14h,158.90005177052052
Novembre 2023,Mercredi 15h,106.33459365615616
Novembre 2023,Mercredi 16h,51.11720298423423
Novembre 2023,Mercredi 17h,7.381051833083083
Novembre 2023,Mercredi 18h,4.709631506506506
Novembre 2023,Mercredi 19h,3.7427464964964963
Novembre 2023,Mercredi 1h,0.0
Novembre 2023,Mercredi 20h,2.420798923923924
Novembre 2023,Mercredi 21h,0.9888349286786786
Novembre 2023,Mercredi 22h,0.04799471346346346
Novembre 2023,Mercredi 23h,0.0
Novembre 2023,Mercredi 2h,0.0
Novembre 2023,Mercredi 3h,3.100569632132132
Novembre 2023,Mercredi 4h,8.300339558308309
Novembre 2023,Mercredi 5h,13.170996778028028
Novembre 2023,Mercredi 6h,16.798325825825824
Novembre 2023,Mercredi 7h,18.632920264014015
Novembre 2023,Mercredi 8h,23.667945914664664
Novembre 2023,Mercredi 9h,68.55059418793795
Novembre 2023,Samedi 0h,0.0
Novembre 2023,Samedi 10h,120.7547663913914
Novembre 2023,Samedi 11h,165.8834042792793
Novembre 2023,Samedi 12h,186.50681306306305
Novembre 2023,Samedi 13h,182.11043255755754
Novembre 2023,Samedi 14h,154.65109221721724
Novembre 2023,Samedi 15h,105.46551476476478
Novembre 2023,Samedi 16h,52.33103040540541
Novembre 2023,Samedi 17h,8.1817759009009
Novembre 2023,Samedi 18h,4.604938063063063
Novembre 2023,Samedi 19h,3.675508258258258
Novembre 2023,Samedi 1h,0.0
Novembre 2023,Samedi 20h,2.1985873373373375
Novembre 2023,Samedi 21h,0.8422017017017017
Novembre 2023,Samedi 22h,0.03270345345345345
Novembre 2023,Samedi 23h,0.0
Novembre 2023,Samedi 2h,0.0
Novembre 2023,Samedi 3h,3.1285451701701703
Novembre 2023,Samedi 4h,8.435594094094094
Novembre 2023,Samedi 5h,13.488507882882882
Novembre 2023,Samedi 6h,16.842192442442443
Novembre 2023,Samedi 7h,18.413474974974974
Novembre 2023,Samedi 8h,24.03520670670671
Novembre 2023,Samedi 9h,68.94173686186187
Novembre 2023,Vendredi 0h,0.0
Novembre 2023,Vendredi 10h,128.49829604604605
Novembre 2023,Vendredi 11h,178.27362274774774
Novembre 2023,Vendredi 12h,200.26906944444445
Novembre 2023,Vendredi 13h,194.56551864364366
Novembre 2023,Vendredi 14h,165.2360860860861
Novembre 2023,Vendredi 15h,112.42073948948948
Novembre 2023,Vendredi 16h,55.382594844844846
Novembre 2023,Vendredi 17h,8.779673923923923
Novembre 2023,Vendredi 18h,4.645274274274274
Novembre 2023,Vendredi 19h,3.7258718718718717
Novembre 2023,Vendredi 1h,0.0
Novembre 2023,Vendredi 20h,2.3654667167167167
Novembre 2023,Vendredi 21h,0.8818825075075075
Novembre 2023,Vendredi 22h,0.043601351351351354
Novembre 2023,Vendredi 23h,0.0
Novembre 2023,Vendredi 2h,0.0
Novembre 2023,Vendredi 3h,3.1979401901901903
Novembre 2023,Vendredi 4h,8.667642517517518
Novembre 2023,Vendredi 5h,13.709796421421421
Novembre 2023,Vendredi 6h,16.914101851851854
Novembre 2023,Vendredi 7h,18.418249499499503
Novembre 2023,Vendredi 8h,24.730763888888887
Novembre 2023,Vendredi 9h,73.28433433433433
Octobre 2023,Dimanche 0h,0.0
Octobre 2023,Dimanche 10h,142.8935158596096
Octobre 2023,Dimanche 11h,205.40556306306306
Octobre 2023,Dimanche 12h,265.47839026526526
Octobre 2023,Dimanche 13h,286.2978342404905
Octobre 2023,Dimanche 14h,277.9299824824825
Octobre 2023,Dimanche 15h,246.65334068443443
Octobre 2023,Dimanche 16h,186.5565113551051
Octobre 2023,Dimanche 17h,121.76814752252251
Octobre 2023,Dimanche 18h,44.663810372872874
Octobre 2023,Dimanche 19h,5.469978103103103
Octobre 2023,Dimanche 1h,0.0
Octobre 2023,Dimanche 20h,3.7443412162162164
Octobre 2023,Dimanche 21h,2.454806368868869
Octobre 2023,Dimanche 22h,0.952903684934935
Octobre 2023,Dimanche 23h,0.07073745620620621
Octobre 2023,Dimanche 2h,0.0
Octobre 2023,Dimanche 3h,0.0
Octobre 2023,Dimanche 4h,2.2085588713713715
Octobre 2023,Dimanche 5h,7.341120026276276
Octobre 2023,Dimanche 6h,12.57745386011011
Octobre 2023,Dimanche 7h,16.248503816316315
Octobre 2023,Dimanche 8h,19.66500469219219
Octobre 2023,Dimanche 9h,62.653409972472474
Octobre 2023,Jeudi 0h,0.0
Octobre 2023,Jeudi 10h,160.88920445445444
Octobre 2023,Jeudi 11h,226.9782210960961
Octobre 2023,Jeudi 12h,278.94980643143145
Octobre 2023,Jeudi 13h,295.28114577077076
Octobre 2023,Jeudi 14h,278.4532251001001
Octobre 2023,Jeudi 15h,242.49331956956956
Octobre 2023,Jeudi 16h,180.60346996996998
Octobre 2023,Jeudi 17h,112.36938088088088
Octobre 2023,Jeudi 18h,44.14684071571572
Octobre 2023,Jeudi 19h,5.923966466466466
Octobre 2023,Jeudi 1h,0.0
Octobre 2023,Jeudi 20h,3.621361111111111
Octobre 2023,Jeudi 21h,2.245246996996997
Octobre 2023,Jeudi 22h,0.7396467717717717
Octobre 2023,Jeudi 23h,0.04787274774774774
Octobre 2023,Jeudi 2h,0.0
Octobre 2023,Jeudi 3h,0.5695208958958959
Octobre 2023,Jeudi 4h,3.191842842842843
Octobre 2023,Jeudi 5h,8.379728978978978
Octobre 2023,Jeudi 6h,13.49786011011011
Octobre 2023,Jeudi 7h,16.69929266766767
Octobre 2023,Jeudi 8h,23.756207207207204
Octobre 2023,Jeudi 9h,79.06177502502501
Octobre 2023,Lundi 0h,0.0
Octobre 2023,Lundi 10h,155.08784565815816
Octobre 2023,Lundi 11h,216.85001548423423
Octobre 2023,Lundi 12h,267.300409471972
Octobre 2023,Lundi 13h,284.3271557494995
Octobre 2023,Lundi 14h,268.00612628253253
Octobre 2023,Lundi 15h,231.90933261386385
Octobre 2023,Lundi 16h,171.53935247747748
Octobre 2023,Lundi 17h,104.9861400462963
Octobre 2023,Lundi 18h,39.90574167917918
Octobre 2023,Lundi 19h,5.3835670045045045
Octobre 2023,Lundi 1h,0.0
Octobre 2023,Lundi 20h,3.5705860548048047
Octobre 2023,Lundi 21h,2.101333521021021
Octobre 2023,Lundi 22h,0.7215503003003003
Octobre 2023,Lundi 23h,0.04930618118118118
Octobre 2023,Lundi 2h,0.0
Octobre 2023,Lundi 3h,0.6776201201201202
Octobre 2023,Lundi 4h,3.53395630005005
Octobre 2023,Lundi 5h,8.515893236986987
Octobre 2023,Lundi 6h,13.197487331081081
Octobre 2023,Lundi 7h,16.81959052802803
Octobre 2023,Lundi 8h,24.656061217467467
Octobre 2023,Lundi 9h,78.76227414914914
Octobre 2023,Mardi 0h,0.0
Octobre 2023,Mardi 10h,161.43807845345344
Octobre 2023,Mardi 11h,226.61212324824822
Octobre 2023,Mardi 12h,281.2846924424424
Octobre 2023,Mardi 13h,300.092350975976
Octobre 2023,Mardi 14h,282.52877064564564
Octobre 2023,Mardi 15h,245.91203215715714
Octobre 2023,Mardi 16h,185.23579742242242
Octobre 2023,Mardi 17h,117.63531831831831
Octobre 2023,Mardi 18h,48.27708871371371
Octobre 2023,Mardi 19h,6.654218468468469
Octobre 2023,Mardi 1h,0.0
Octobre 2023,Mardi 20h,4.020615115115115
Octobre 2023,Mardi 21h,2.5205903403403402
Octobre 2023,Mardi 22h,0.9936605355355356
Octobre 2023,Mardi 23h,0.10138913913913913
Octobre 2023,Mardi 2h,0.0
Octobre 2023,Mardi 3h,0.5361168668668669
Octobre 2023,Mardi 4h,3.077566191191191
Octobre 2023,Mardi 5h,8.220998998998999
Octobre 2023,Mardi 6h,13.202953953953955
Octobre 2023,Mardi 7h,16.574139139139138
Octobre 2023,Mardi 8h,24.17680605605606
Octobre 2023,Mardi 9h,79.19755643143144
Octobre 2023,Mercredi 0h,0.0
Octobre 2023,Mercredi 10h,163.32266616616616
Octobre 2023,Mercredi 11h,228.4076164914915
Octobre 2023,Mercredi 12h,283.6409350600601
Octobre 2023,Mercredi 13h,301.16116754254256
Octobre 2023,Mercredi 14h,284.5598133133133
Octobre 2023,Mercredi 15h,249.49507970470466
Octobre 2023,Mercredi 16h,186.44183758758757
Octobre 2023,Mercredi 17h,118.44720195195195
Octobre 2023,Mercredi 18h,47.797926176176176
Octobre 2023,Mercredi 19h,6.191992367367368
Octobre 2023,Mercredi 1h,0.0
Octobre 2023,Mercredi 20h,3.6992503753753754
Octobre 2023,Mercredi 21h,2.2630432932932933
Octobre 2023,Mercredi 22h,0.8592952952952952
Octobre 2023,Mercredi 23h,0.06837925425425426
Octobre 2023,Mercredi 2h,0.0
Octobre 2023,Mercredi 3h,0.5935032532532533
Octobre 2023,Mercredi 4h,3.2358203203203204
Octobre 2023,Mercredi 5h,8.465310185185185
Octobre 2023,Mercredi 6h,13.59883270770771
Octobre 2023,Mercredi 7h,17.24600625625626
Octobre 2023,Mercredi 8h,24.304832832832833
Octobre 2023,Mercredi 9h,81.05222047047047
Octobre 2023,Samedi 0h,0.0
Octobre 2023,Samedi 10h,143.1339620870871
Octobre 2023,Samedi 11h,205.0463017705205
Octobre 2023,Samedi 12h,263.13741303803806
Octobre 2023,Samedi 13h,289.260718531031
Octobre 2023,Samedi 14h,279.390869776026
Octobre 2023,Samedi 15h,251.29170873998999
Octobre 2023,Samedi 16h,191.63191300675675
Octobre 2023,Samedi 17h,126.80083317692693
Octobre 2023,Samedi 18h,47.713252002002
Octobre 2023,Samedi 19h,5.683160035035035
Octobre 2023,Samedi 1h,0.0
Octobre 2023,Samedi 20h,3.845179085335335
Octobre 2023,Samedi 21h,2.515429961211211
Octobre 2023,Samedi 22h,1.0550910285285284
Octobre 2023,Samedi 23h,0.053435779529529534
Octobre 2023,Samedi 2h,0.0
Octobre 2023,Samedi 3h,0.0
Octobre 2023,Samedi 4h,2.1214081268768767
Octobre 2023,Samedi 5h,7.217110860860861
Octobre 2023,Samedi 6h,12.303214308058058
Octobre 2023,Samedi 7h,15.618073073073074
Octobre 2023,Samedi 8h,19.25505349099099
Octobre 2023,Samedi 9h,63.84398288913914
Octobre 2023,Vendredi 0h,0.0
Octobre 2023,Vendredi 10h,146.87287881631633
Octobre 2023,Vendredi 11h,208.6889623998999
Octobre 2023,Vendredi 12h,267.483091529029
Octobre 2023,Vendredi 13h,289.08335804554554
Octobre 2023,Vendredi 14h,282.20416134884886
Octobre 2023,Vendredi 15h,253.66977586961957
Octobre 2023,Vendredi 16h,195.2874929617117
Octobre 2023,Vendredi 17h,129.7690944069069
Octobre 2023,Vendredi 18h,49.714880349099104
Octobre 2023,Vendredi 19h,6.054901933183183
Octobre 2023,Vendredi 1h,0.0
Octobre 2023,Vendredi 20h,3.9126898773773773
Octobre 2023,Vendredi 21h,2.4343828203203204
Octobre 2023,Vendredi 22h,0.8911489614614615
Octobre 2023,Vendredi 23h,0.05117555055055055
Octobre 2023,Vendredi 2h,0.0
Octobre 2023,Vendredi 3h,0.0
Octobre 2023,Vendredi 4h,2.080250563063063
Octobre 2023,Vendredi 5h,7.152141516516517
Octobre 2023,Vendredi 6h,12.267717404904905
Octobre 2023,Vendredi 7h,15.567698323323324
Octobre 2023,Vendredi 8h,19.338814283033035
Octobre 2023,Vendredi 9h,66.7742969532032
Septembre 2023,Dimanche 0h,0.0018584834834834835
Septembre 2023,Dimanche 10h,244.12625725725724
Septembre 2023,Dimanche 11h,328.1219756006006
Septembre 2023,Dimanche 12h,387.56589877377377
Septembre 2023,Dimanche 13h,417.60603928928924
Septembre 2023,Dimanche 14h,415.97657932932935
Septembre 2023,Dimanche 15h,387.20328666166165
Septembre 2023,Dimanche 16h,329.5268347097097
Septembre 2023,Dimanche 17h,251.86890978478476
Septembre 2023,Dimanche 18h,155.67211286286286
Septembre 2023,Dimanche 19h,55.9444308058058
Septembre 2023,Dimanche 1h,0.0
Septembre 2023,Dimanche 20h,6.235102602602603
Septembre 2023,Dimanche 21h,3.0747413663663665
Septembre 2023,Dimanche 22h,1.2072478728728728
Septembre 2023,Dimanche 23h,0.1303983983983984
Septembre 2023,Dimanche 2h,0.0
Septembre 2023,Dimanche 3h,0.0
Septembre 2023,Dimanche 4h,0.4760450450450451
Septembre 2023,Dimanche 5h,4.780928928928929
Septembre 2023,Dimanche 6h,10.119049674674674
Septembre 2023,Dimanche 7h,14.50053003003003
Septembre 2023,Dimanche 8h,45.150055805805806
Septembre 2023,Dimanche 9h,138.81231118618618
Septembre 2023,Jeudi 0h,0.0005447635135135135
Septembre 2023,Jeudi 10h,240.87093656156154
Septembre 2023,Jeudi 11h,322.379159471972
Septembre 2023,Jeudi 12h,377.6924242992993
Septembre 2023,Jeudi 13h,403.3012306056056
Septembre 2023,Jeudi 14h,400.97764858608605
Septembre 2023,Jeudi 15h,374.5324120995996
Septembre 2023,Jeudi 16h,316.87375938438436
Septembre 2023,Jeudi 17h,247.66445664414414
Septembre 2023,Jeudi 18h,150.69958442817818
Septembre 2023,Jeudi 19h,52.88780671296296
Septembre 2023,Jeudi 1h,0.0
Septembre 2023,Jeudi 20h,5.588570601851852
Septembre 2023,Jeudi 21h,3.062460429179179
Septembre 2023,Jeudi 22h,1.2972574136636636
Septembre 2023,Jeudi 23h,0.17310670045045046
Septembre 2023,Jeudi 2h,0.0
Septembre 2023,Jeudi 3h,0.0
Septembre 2023,Jeudi 4h,0.462037037037037
Septembre 2023,Jeudi 5h,4.847514389389389
Septembre 2023,Jeudi 6h,9.838218218218218
Septembre 2023,Jeudi 7h,13.722115553053053
Septembre 2023,Jeudi 8h,42.736585022522526
Septembre 2023,Jeudi 9h,135.89569522647648
Septembre 2023,Lundi 0h,0.0018973973973973972
Septembre 2023,Lundi 10h,240.7965583083083
Septembre 2023,Lundi 11h,322.6851312562562
Septembre 2023,Lundi 12h,384.17589514514515
Septembre 2023,Lundi 13h,405.5360277777778
Septembre 2023,Lundi 14h,406.77047672672677
Septembre 2023,Lundi 15h,375.4041871871872
Septembre 2023,Lundi 16h,314.5558708708709
Septembre 2023,Lundi 17h,235.25365165165167
Septembre 2023,Lundi 18h,142.1258973973974
Septembre 2023,Lundi 19h,49.983587212212214
Septembre 2023,Lundi 1h,0.0
Septembre 2023,Lundi 20h,5.789168543543544
Septembre 2023,Lundi 21h,2.896380005005005
Septembre 2023,Lundi 22h,1.2186371371371372
Septembre 2023,Lundi 23h,0.14691954454454453
Septembre 2023,Lundi 2h,0.0
Septembre 2023,Lundi 3h,0.0
Septembre 2023,Lundi 4h,0.5088584834834835
Septembre 2023,Lundi 5h,4.843003378378379
Septembre 2023,Lundi 6h,10.163188188188188
Septembre 2023,Lundi 7h,14.281092592592591
Septembre 2023,Lundi 8h,43.52978328328329
Septembre 2023,Lundi 9h,135.88282795295294
Septembre 2023,Mardi 0h,0.0006217154654654653
Septembre 2023,Mardi 10h,239.89489176676676
Septembre 2023,Mardi 11h,318.28279466966967
Septembre 2023,Mardi 12h,373.52059715965964
Septembre 2023,Mardi 13h,404.69133180055053
Septembre 2023,Mardi 14h,400.6842190628129
Septembre 2023,Mardi 15h,370.86938876376377
Septembre 2023,Mardi 16h,316.5675738238238
Septembre 2023,Mardi 17h,242.13825888388388
Septembre 2023,Mardi 18h,153.41851179304302
Septembre 2023,Mardi 19h,57.23261620995996
Septembre 2023,Mardi 1h,0.0
Septembre 2023,Mardi 20h,6.0071410472972975
Septembre 2023,Mardi 21h,3.102314345595596
Septembre 2023,Mardi 22h,1.1415111986986988
Septembre 2023,Mardi 23h,0.1407347972972973
Septembre 2023,Mardi 2h,0.0
Septembre 2023,Mardi 3h,0.0
Septembre 2023,Mardi 4h,0.36869807307307306
Septembre 2023,Mardi 5h,4.692345001251251
Septembre 2023,Mardi 6h,9.942604792292292
Septembre 2023,Mardi 7h,14.009680930930932
Septembre 2023,Mardi 8h,45.503114364364365
Septembre 2023,Mardi 9h,137.54171014764765
Septembre 2023,Mercredi 0h,0.001742523773773774
Septembre 2023,Mercredi 10h,235.70658643018015
Septembre 2023,Mercredi 11h,314.5459356231231
Septembre 2023,Mercredi 12h,369.3125373811311
Septembre 2023,Mercredi 13h,392.3338133445946
Septembre 2023,Mercredi 14h,386.1638501001001
Septembre 2023,Mercredi 15h,357.3732272897898
Septembre 2023,Mercredi 16h,303.16650275275276
Septembre 2023,Mercredi 17h,233.86333176926925
Septembre 2023,Mercredi 18h,146.85804100975975
Septembre 2023,Mercredi 19h,53.173355543043044
Septembre 2023,Mercredi 1h,0.0
Septembre 2023,Mercredi 20h,5.798736392642643
Septembre 2023,Mercredi 21h,3.03433887012012
Septembre 2023,Mercredi 22h,1.2682695195195195
Septembre 2023,Mercredi 23h,0.1612279466966967
Septembre 2023,Mercredi 2h,0.0
Septembre 2023,Mercredi 3h,0.0
Septembre 2023,Mercredi 4h,0.415934841091091
Septembre 2023,Mercredi 5h,4.799061874374374
Septembre 2023,Mercredi 6h,10.298098098098098
Septembre 2023,Mercredi 7h,14.605491272522523
Septembre 2023,Mercredi 8h,43.50295029404404
Septembre 2023,Mercredi 9h,133.82621699824824
Septembre 2023,Samedi 0h,0.0005023773773773774
Septembre 2023,Samedi 10h,242.39237190315313
Septembre 2023,Samedi 11h,330.09256271896896
Septembre 2023,Samedi 12h,395.6750663163163
Septembre 2023,Samedi 13h,425.0507731168669
Septembre 2023,Samedi 14h,419.45987049549547
Septembre 2023,Samedi 15h,389.6305450763263
Septembre 2023,Samedi 16h,324.42634618994
Septembre 2023,Samedi 17h,240.50250234609607
Septembre 2023,Samedi 18h,143.25647459959958
Septembre 2023,Samedi 19h,47.059443506006005
Septembre 2023,Samedi 1h,0.0
Septembre 2023,Samedi 20h,5.4659259259259265
Septembre 2023,Samedi 21h,3.1677308558558557
Septembre 2023,Samedi 22h,1.32416478978979
Septembre 2023,Samedi 23h,0.14661145520520522
Septembre 2023,Samedi 2h,0.0
Septembre 2023,Samedi 3h,0.0
Septembre 2023,Samedi 4h,0.5505574324324325
Septembre 2023,Samedi 5h,5.114459303053053
Septembre 2023,Samedi 6h,10.491905655655655
Septembre 2023,Samedi 7h,14.610571196196195
Septembre 2023,Samedi 8h,41.40010166416416
Septembre 2023,Samedi 9h,134.32413194444445
Septembre 2023,Vendredi 0h,0.0005009697197197197
Septembre 2023,Vendredi 10h,247.42649305555554
Septembre 2023,Vendredi 11h,332.0786869682182
Septembre 2023,Vendredi 12h,392.93374593343344
Septembre 2023,Vendredi 13h,421.5221848410911
Septembre 2023,Vendredi 14h,418.3164286161161
Septembre 2023,Vendredi 15h,387.1642652027027
Septembre 2023,Vendredi 16h,324.7462409284284
Septembre 2023,Vendredi 17h,245.54030280280278
Septembre 2023,Vendredi 18h,147.72505724474473
Septembre 2023,Vendredi 19h,49.54821024149149
Septembre 2023,Vendredi 1h,0.0
Septembre 2023,Vendredi 20h,5.515221784284284
Septembre 2023,Vendredi 21h,3.1958104979979978
Septembre 2023,Vendredi 22h,1.2886366053553553
Septembre 2023,Vendredi 23h,0.14273101226226226
Septembre 2023,Vendredi 2h,0.0
Septembre 2023,Vendredi 3h,0.0
Septembre 2023,Vendredi 4h,0.5047139326826826
Septembre 2023,Vendredi 5h,4.853811154904904
Septembre 2023,Vendredi 6h,9.95285817067067
Septembre 2023,Vendredi 7h,14.140970970970972
Septembre 2023,Vendredi 8h,42.5624878003003
Septembre 2023,Vendredi 9h,138.5572220658158
